{
"type": "FeatureCollection",
"name": "SELECT",
"xy_coordinate_resolution": 1e-07,
"features": [
{"type":"Feature","properties":{},"geometry":{"type":"LineString","coordinates":[[8.6855065,50.0180171],[8.6854977,50.01796]]}},
{"type":"Feature","properties":{},"geometry":{"type":"LineString","coordinates":[[8.685425,50.0179024],[8.6854631,50.0179]]}},
{"type":"Feature","properties":{},"geometry":{"type":"LineString","coordinates":[[8.6854949,50.0178983],[8.6854728,50.0178995]]}},
{"type":"Feature","properties":{},"geometry":{"type":"LineString","coordinates":[[8.6854314,50.0179653],[8.6854365,50.0179969]]}},
{"type":"Feature","properties":{},"geometry":{"type":"LineString","coordinates":[[8.6853882,50.0177387],[8.6854313,50.0177355]]}},
{"type":"Feature","properties":{},"geometry":{"type":"LineString","coordinates":[[8.6854718,50.0177334],[8.6854401,50.0177353]]}},
{"type":"Feature","properties":{},"geometry":{"type":"LineString","coordinates":[[8.6853807,50.01768],[8.6854291,50.0176773]]}},
{"type":"Feature","properties":{},"geometry":{"type":"LineString","coordinates":[[8.6854549,50.0177189],[8.68545,50.017692]]}},
{"type":"Feature","properties":{},"geometry":{"type":"LineString","coordinates":[[8.6856687,50.0176401],[8.6856756,50.0176652]]}},
{"type":"Feature","properties":{},"geometry":{"type":"LineString","coordinates":[[8.6856813,50.0176873],[8.6856771,50.0176707]]}},
{"type":"Feature","properties":{},"geometry":{"type":"LineString","coordinates":[[8.6857218,50.0176565],[8.6858536,50.0176447]]}},
{"type":"Feature","properties":{},"geometry":{"type":"LineString","coordinates":[[8.6857056,50.0175489],[8.6857124,50.0175792],[8.6857137,50.0175848],[8.6857179,50.0176039]]}},
{"type":"Feature","properties":{},"geometry":{"type":"LineString","coordinates":[[8.6856537,50.017591],[8.6857055,50.0175856]]}},
{"type":"Feature","properties":{},"geometry":{"type":"LineString","coordinates":[[8.6857384,50.0175824],[8.6857137,50.0175848]]}},
{"type":"Feature","properties":{},"geometry":{"type":"LineString","coordinates":[[8.6861193,50.0175837],[8.6861301,50.0176204]]}},
{"type":"Feature","properties":{},"geometry":{"type":"LineString","coordinates":[[8.686138,50.0176484],[8.6861313,50.0176281]]}},
{"type":"Feature","properties":{},"geometry":{"type":"LineString","coordinates":[[8.6862645,50.0175948],[8.6863895,50.0175832]]}},
{"type":"Feature","properties":{},"geometry":{"type":"LineString","coordinates":[[8.6863852,50.0176379],[8.6863828,50.0176273],[8.6863823,50.0176251],[8.6863798,50.0176137]]}},
{"type":"Feature","properties":{},"geometry":{"type":"LineString","coordinates":[[8.6863341,50.0176318],[8.6863828,50.0176273]]}},
{"type":"Feature","properties":{},"geometry":{"type":"LineString","coordinates":[[8.6864203,50.017624],[8.6863983,50.0176259]]}},
{"type":"Feature","properties":{},"geometry":{"type":"LineString","coordinates":[[8.6865573,50.01757],[8.6866395,50.0175623]]}},
{"type":"Feature","properties":{},"geometry":{"type":"LineString","coordinates":[[8.6866492,50.0176022],[8.6866953,50.0175979]]}},
{"type":"Feature","properties":{},"geometry":{"type":"LineString","coordinates":[[8.6868354,50.0175824],[8.6869294,50.0175724]]}},
{"type":"Feature","properties":{},"geometry":{"type":"LineString","coordinates":[[8.6870271,50.0174496],[8.6870954,50.0174434]]}},
{"type":"Feature","properties":{},"geometry":{"type":"LineString","coordinates":[[8.6870377,50.0173824],[8.6870765,50.0173796]]}},
{"type":"Feature","properties":{},"geometry":{"type":"LineString","coordinates":[[8.6870297,50.0173778],[8.687032,50.0173886]]}},
{"type":"Feature","properties":{},"geometry":{"type":"LineString","coordinates":[[8.6870387,50.0174182],[8.6870333,50.017396]]}},
{"type":"Feature","properties":{},"geometry":{"type":"LineString","coordinates":[[8.6871688,50.0173959],[8.6872403,50.0173897]]}},
{"type":"Feature","properties":{},"geometry":{"type":"LineString","coordinates":[[8.6872483,50.0174284],[8.6872757,50.0174259]]}},
{"type":"Feature","properties":{},"geometry":{"type":"LineString","coordinates":[[8.687383,50.0174062],[8.6874381,50.0174012],[8.6874483,50.0174003],[8.6874538,50.0173998]]}},
{"type":"Feature","properties":{},"geometry":{"type":"LineString","coordinates":[[8.6874426,50.0173742],[8.6874462,50.0173903]]}},
{"type":"Feature","properties":{},"geometry":{"type":"LineString","coordinates":[[8.6874548,50.0174286],[8.6874483,50.0174003]]}},
{"type":"Feature","properties":{},"geometry":{"type":"LineString","coordinates":[[8.6874143,50.017371],[8.6874252,50.0174187],[8.687427,50.0174264]]}},
{"type":"Feature","properties":{},"geometry":{"type":"LineString","coordinates":[[8.6873823,50.0174222],[8.6874252,50.0174187]]}},
{"type":"Feature","properties":{},"geometry":{"type":"LineString","coordinates":[[8.6874143,50.017371],[8.6874739,50.0173656],[8.687492,50.0173639]]}},
{"type":"Feature","properties":{},"geometry":{"type":"LineString","coordinates":[[8.6874739,50.0173656],[8.687479,50.0173875]]}},
{"type":"Feature","properties":{},"geometry":{"type":"LineString","coordinates":[[8.6873196,50.0173805],[8.6873247,50.0174022]]}},
{"type":"Feature","properties":{},"geometry":{"type":"LineString","coordinates":[[8.687333,50.0174428],[8.687326,50.0174107]]}},
{"type":"Feature","properties":{},"geometry":{"type":"LineString","coordinates":[[8.6873607,50.0173094],[8.6873909,50.0173069]]}},
{"type":"Feature","properties":{},"geometry":{"type":"LineString","coordinates":[[8.6874401,50.0173027],[8.6874018,50.017306]]}},
{"type":"Feature","properties":{},"geometry":{"type":"LineString","coordinates":[[8.687362,50.0170068],[8.6873328,50.016856]]}},
{"type":"Feature","properties":{},"geometry":{"type":"LineString","coordinates":[[8.6872994,50.0169349],[8.6872863,50.0168594]]}},
{"type":"Feature","properties":{},"geometry":{"type":"LineString","coordinates":[[8.6868176,50.0165305],[8.686928,50.0165214]]}},
{"type":"Feature","properties":{},"geometry":{"type":"LineString","coordinates":[[8.6868478,50.0166897],[8.6867261,50.0167009]]}},
{"type":"Feature","properties":{},"geometry":{"type":"LineString","coordinates":[[8.6865721,50.0167316],[8.6865619,50.016682]]}},
{"type":"Feature","properties":{},"geometry":{"type":"LineString","coordinates":[[8.686556,50.0166506],[8.6865611,50.0166753]]}},
{"type":"Feature","properties":{},"geometry":{"type":"LineString","coordinates":[[8.6853776,50.0167607],[8.6854244,50.0167577]]}},
{"type":"Feature","properties":{},"geometry":{"type":"LineString","coordinates":[[8.6853647,50.0168071],[8.6853574,50.0167723]]}},
{"type":"Feature","properties":{},"geometry":{"type":"LineString","coordinates":[[8.6851636,50.0167856],[8.6852124,50.0167753]]}},
{"type":"Feature","properties":{},"geometry":{"type":"LineString","coordinates":[[8.6852554,50.0168093],[8.6852376,50.0167765]]}},
{"type":"Feature","properties":{},"geometry":{"type":"LineString","coordinates":[[8.6858311,50.0166961],[8.6858391,50.0167339]]}},
{"type":"Feature","properties":{},"geometry":{"type":"LineString","coordinates":[[8.6858499,50.01679],[8.685841,50.0167414]]}},
{"type":"Feature","properties":{},"geometry":{"type":"LineString","coordinates":[[8.6853003,50.0168698],[8.6852629,50.0168775]]}},
{"type":"Feature","properties":{},"geometry":{"type":"LineString","coordinates":[[8.6852177,50.0168864],[8.6852486,50.0168802]]}},
{"type":"Feature","properties":{},"geometry":{"type":"LineString","coordinates":[[8.6853125,50.0170277],[8.6853078,50.0169999]]}},
{"type":"Feature","properties":{},"geometry":{"type":"LineString","coordinates":[[8.6852744,50.0170346],[8.6852877,50.0170625]]}},
{"type":"Feature","properties":{},"geometry":{"type":"LineString","coordinates":[[8.6853642,50.0172845],[8.6853737,50.0173325]]}},
{"type":"Feature","properties":{},"geometry":{"type":"LineString","coordinates":[[8.6852766,50.0172648],[8.6853366,50.0172598]]}},
{"type":"Feature","properties":{},"geometry":{"type":"LineString","coordinates":[[8.6853841,50.0172562],[8.6853496,50.0172587]]}},
{"type":"Feature","properties":{},"geometry":{"type":"LineString","coordinates":[[8.6854151,50.0174713],[8.685408,50.0174368]]}},
{"type":"Feature","properties":{},"geometry":{"type":"LineString","coordinates":[[8.6853482,50.0174583],[8.6853521,50.0174762]]}},
{"type":"Feature","properties":{},"geometry":{"type":"LineString","coordinates":[[8.6853781,50.0169678],[8.6854153,50.0169648]]}},
{"type":"Feature","properties":{},"geometry":{"type":"LineString","coordinates":[[8.6854588,50.0169613],[8.685424,50.0169639]]}},
{"type":"Feature","properties":{},"geometry":{"type":"LineString","coordinates":[[8.6855128,50.0175482],[8.6855185,50.017575]]}},
{"type":"Feature","properties":{},"geometry":{"type":"LineString","coordinates":[[8.6855332,50.0175857],[8.6855818,50.0175813]]}},
{"type":"Feature","properties":{},"geometry":{"type":"LineString","coordinates":[[8.6858277,50.0174975],[8.6858397,50.0175447]]}},
{"type":"Feature","properties":{},"geometry":{"type":"LineString","coordinates":[[8.6858484,50.0175787],[8.6858418,50.0175509]]}},
{"type":"Feature","properties":{},"geometry":{"type":"LineString","coordinates":[[8.6862556,50.0174854],[8.6863473,50.0174761]]}},
{"type":"Feature","properties":{},"geometry":{"type":"LineString","coordinates":[[8.686558,50.0174562],[8.6865931,50.0174524]]}},
{"type":"Feature","properties":{},"geometry":{"type":"LineString","coordinates":[[8.6865931,50.0174419],[8.6866273,50.0174394]]}},
{"type":"Feature","properties":{},"geometry":{"type":"LineString","coordinates":[[8.686697,50.0174458],[8.6867395,50.0174423]]}},
{"type":"Feature","properties":{},"geometry":{"type":"LineString","coordinates":[[8.6867721,50.0174398],[8.686746,50.0174417]]}},
{"type":"Feature","properties":{},"geometry":{"type":"LineString","coordinates":[[8.6867033,50.0172573],[8.6866726,50.01726],[8.6866627,50.0172609],[8.6866309,50.0172637]]}},
{"type":"Feature","properties":{},"geometry":{"type":"LineString","coordinates":[[8.6866695,50.017236],[8.6866719,50.0172513]]}},
{"type":"Feature","properties":{},"geometry":{"type":"LineString","coordinates":[[8.6866775,50.0172884],[8.6866726,50.01726]]}},
{"type":"Feature","properties":{},"geometry":{"type":"LineString","coordinates":[[8.6868354,50.0172423],[8.686828,50.017211]]}},
{"type":"Feature","properties":{},"geometry":{"type":"LineString","coordinates":[[8.6866536,50.0172141],[8.6866435,50.017215],[8.6866334,50.0172159],[8.6866216,50.017217]]}},
{"type":"Feature","properties":{},"geometry":{"type":"LineString","coordinates":[[8.6866249,50.0171793],[8.6866334,50.0172159]]}},
{"type":"Feature","properties":{},"geometry":{"type":"LineString","coordinates":[[8.6866412,50.0172529],[8.6866358,50.0172306]]}},
{"type":"Feature","properties":{},"geometry":{"type":"LineString","coordinates":[[8.6866368,50.0171445],[8.6866289,50.0171452],[8.686621,50.0171459],[8.6866051,50.0171473]]}},
{"type":"Feature","properties":{},"geometry":{"type":"LineString","coordinates":[[8.6866196,50.0171079],[8.6866289,50.0171452]]}},
{"type":"Feature","properties":{},"geometry":{"type":"LineString","coordinates":[[8.6866375,50.0171851],[8.6866321,50.017163]]}},
{"type":"Feature","properties":{},"geometry":{"type":"LineString","coordinates":[[8.6866436,50.0173362],[8.6867151,50.0173287]]}},
{"type":"Feature","properties":{},"geometry":{"type":"LineString","coordinates":[[8.6867514,50.0173246],[8.6867196,50.0173278]]}},
{"type":"Feature","properties":{},"geometry":{"type":"LineString","coordinates":[[8.6868592,50.0171937],[8.6868473,50.017135]]}},
{"type":"Feature","properties":{},"geometry":{"type":"LineString","coordinates":[[8.6868225,50.0165592],[8.6867045,50.0165694],[8.6866684,50.0165725]]}},
{"type":"Feature","properties":{},"geometry":{"type":"LineString","coordinates":[[8.6866922,50.0165067],[8.6867012,50.0165496]]}},
{"type":"Feature","properties":{},"geometry":{"type":"LineString","coordinates":[[8.6867101,50.0165964],[8.6867045,50.0165694]]}},
{"type":"Feature","properties":{},"geometry":{"type":"LineString","coordinates":[[8.687633,50.0175182],[8.687636,50.017531],[8.687637,50.0175353],[8.6876388,50.0175429]]}},
{"type":"Feature","properties":{},"geometry":{"type":"LineString","coordinates":[[8.6875917,50.0175397],[8.6876272,50.0175364]]}},
{"type":"Feature","properties":{},"geometry":{"type":"LineString","coordinates":[[8.6876598,50.0175333],[8.687637,50.0175353]]}},
{"type":"Feature","properties":{},"geometry":{"type":"LineString","coordinates":[[8.6880127,50.017447],[8.6880162,50.0174641],[8.6880177,50.0174711],[8.6880198,50.0174812]]}},
{"type":"Feature","properties":{},"geometry":{"type":"LineString","coordinates":[[8.6879541,50.0174702],[8.6879959,50.0174659]]}},
{"type":"Feature","properties":{},"geometry":{"type":"LineString","coordinates":[[8.6880532,50.0174609],[8.6880162,50.0174641]]}},
{"type":"Feature","properties":{},"geometry":{"type":"LineString","coordinates":[[8.6880999,50.0173965],[8.6881082,50.0174329]]}},
{"type":"Feature","properties":{},"geometry":{"type":"LineString","coordinates":[[8.6881152,50.0174624],[8.6881095,50.0174388]]}},
{"type":"Feature","properties":{},"geometry":{"type":"LineString","coordinates":[[8.6879968,50.0173658],[8.6880592,50.0173596]]}},
{"type":"Feature","properties":{},"geometry":{"type":"LineString","coordinates":[[8.6877861,50.0173305],[8.6877939,50.0173586]]}},
{"type":"Feature","properties":{},"geometry":{"type":"LineString","coordinates":[[8.6877989,50.017382],[8.687795,50.0173645]]}},
{"type":"Feature","properties":{},"geometry":{"type":"LineString","coordinates":[[8.6878904,50.0173629],[8.6879943,50.0173526]]}},
{"type":"Feature","properties":{},"geometry":{"type":"LineString","coordinates":[[8.68759,50.0173575],[8.687664,50.017352]]}},
{"type":"Feature","properties":{},"geometry":{"type":"LineString","coordinates":[[8.6875411,50.0173603],[8.6875184,50.0173625],[8.6875142,50.0173629],[8.6874797,50.0173663]]}},
{"type":"Feature","properties":{},"geometry":{"type":"LineString","coordinates":[[8.687506,50.0173255],[8.6875142,50.0173629]]}},
{"type":"Feature","properties":{},"geometry":{"type":"LineString","coordinates":[[8.6875257,50.0174152],[8.6875185,50.0173855]]}},
{"type":"Feature","properties":{},"geometry":{"type":"LineString","coordinates":[[8.6874639,50.0172013],[8.6875092,50.0171968]]}},
{"type":"Feature","properties":{},"geometry":{"type":"LineString","coordinates":[[8.6875504,50.0171922],[8.6875165,50.0171959]]}},
{"type":"Feature","properties":{},"geometry":{"type":"LineString","coordinates":[[8.6873259,50.016632],[8.6873981,50.0166256]]}},
{"type":"Feature","properties":{},"geometry":{"type":"LineString","coordinates":[[8.6874408,50.016622],[8.6874072,50.0166248]]}},
{"type":"Feature","properties":{},"geometry":{"type":"LineString","coordinates":[[8.6873974,50.0165659],[8.6874393,50.0165623]]}},
{"type":"Feature","properties":{},"geometry":{"type":"LineString","coordinates":[[8.6874882,50.0165265],[8.6874958,50.0165729]]}},
{"type":"Feature","properties":{},"geometry":{"type":"LineString","coordinates":[[8.6875015,50.0166049],[8.6874971,50.0165789]]}},
{"type":"Feature","properties":{},"geometry":{"type":"LineString","coordinates":[[8.6880862,50.0164647],[8.6880992,50.0165252]]}},
{"type":"Feature","properties":{},"geometry":{"type":"LineString","coordinates":[[8.6881048,50.0165526],[8.6881003,50.0165299]]}},
{"type":"Feature","properties":{},"geometry":{"type":"LineString","coordinates":[[8.6884248,50.0165078],[8.6884206,50.0164843],[8.688419,50.0164755],[8.6884171,50.0164652]]}},
{"type":"Feature","properties":{},"geometry":{"type":"LineString","coordinates":[[8.6884395,50.016496],[8.6884371,50.0164825],[8.6884355,50.0164738],[8.6884337,50.0164638]]}},
{"type":"Feature","properties":{},"geometry":{"type":"LineString","coordinates":[[8.688365,50.0164805],[8.688419,50.0164755]]}},
{"type":"Feature","properties":{},"geometry":{"type":"LineString","coordinates":[[8.6884671,50.0164711],[8.6884355,50.0164738]]}},
{"type":"Feature","properties":{},"geometry":{"type":"LineString","coordinates":[[8.6887677,50.0164546],[8.6888179,50.01645]]}},
{"type":"Feature","properties":{},"geometry":{"type":"LineString","coordinates":[[8.6888745,50.0164029],[8.6888862,50.0164587]]}},
{"type":"Feature","properties":{},"geometry":{"type":"LineString","coordinates":[[8.6888945,50.0164948],[8.688888,50.016466]]}},
{"type":"Feature","properties":{},"geometry":{"type":"LineString","coordinates":[[8.6896005,50.0163495],[8.68961,50.0163989]]}},
{"type":"Feature","properties":{},"geometry":{"type":"LineString","coordinates":[[8.6896151,50.0164244],[8.6896113,50.0164044]]}},
{"type":"Feature","properties":{},"geometry":{"type":"LineString","coordinates":[[8.6899743,50.0163832],[8.6899508,50.0164133]]}},
{"type":"Feature","properties":{},"geometry":{"type":"LineString","coordinates":[[8.6899349,50.0164329],[8.689946,50.0164194]]}},
{"type":"Feature","properties":{},"geometry":{"type":"LineString","coordinates":[[8.6900001,50.0164972],[8.6900593,50.0164884]]}},
{"type":"Feature","properties":{},"geometry":{"type":"LineString","coordinates":[[8.6901052,50.0164822],[8.6900677,50.0164866]]}},
{"type":"Feature","properties":{},"geometry":{"type":"LineString","coordinates":[[8.6901011,50.0166914],[8.6900602,50.0166954],[8.6900438,50.016697],[8.6900193,50.0166994]]}},
{"type":"Feature","properties":{},"geometry":{"type":"LineString","coordinates":[[8.6900377,50.0166713],[8.6900438,50.016697]]}},
{"type":"Feature","properties":{},"geometry":{"type":"LineString","coordinates":[[8.6900504,50.0167232],[8.6900463,50.0167074]]}},
{"type":"Feature","properties":{},"geometry":{"type":"LineString","coordinates":[[8.6900425,50.0167482],[8.6901158,50.0167409]]}},
{"type":"Feature","properties":{},"geometry":{"type":"LineString","coordinates":[[8.6901716,50.0167353],[8.6901298,50.0167392]]}},
{"type":"Feature","properties":{},"geometry":{"type":"LineString","coordinates":[[8.6901887,50.0168754],[8.6901757,50.0168191]]}},
{"type":"Feature","properties":{},"geometry":{"type":"LineString","coordinates":[[8.6901442,50.0168807],[8.6901039,50.0168847],[8.6900937,50.0168857],[8.6900636,50.0168887]]}},
{"type":"Feature","properties":{},"geometry":{"type":"LineString","coordinates":[[8.6900848,50.0168503],[8.6900937,50.0168857]]}},
{"type":"Feature","properties":{},"geometry":{"type":"LineString","coordinates":[[8.6901067,50.016935],[8.6900983,50.016908]]}},
{"type":"Feature","properties":{},"geometry":{"type":"LineString","coordinates":[[8.6901201,50.0170112],[8.6901792,50.0170054]]}},
{"type":"Feature","properties":{},"geometry":{"type":"LineString","coordinates":[[8.6902507,50.0169985],[8.6901913,50.0170041]]}},
{"type":"Feature","properties":{},"geometry":{"type":"LineString","coordinates":[[8.6902258,50.017067],[8.6902147,50.0170196]]}},
{"type":"Feature","properties":{},"geometry":{"type":"LineString","coordinates":[[8.690186,50.0170691],[8.6901629,50.0170711],[8.6901075,50.017076]]}},
{"type":"Feature","properties":{},"geometry":{"type":"LineString","coordinates":[[8.6901686,50.017097],[8.6901629,50.0170711]]}},
{"type":"Feature","properties":{},"geometry":{"type":"LineString","coordinates":[[8.6902335,50.0171127],[8.6902371,50.0171346]]}},
{"type":"Feature","properties":{},"geometry":{"type":"LineString","coordinates":[[8.6901862,50.0171535],[8.6902158,50.0171507]]}},
{"type":"Feature","properties":{},"geometry":{"type":"LineString","coordinates":[[8.6899805,50.0171189],[8.6899883,50.0171488]]}},
{"type":"Feature","properties":{},"geometry":{"type":"LineString","coordinates":[[8.6899955,50.0171776],[8.6899899,50.0171565]]}},
{"type":"Feature","properties":{},"geometry":{"type":"LineString","coordinates":[[8.6893633,50.0172306],[8.6894742,50.0172198]]}},
{"type":"Feature","properties":{},"geometry":{"type":"LineString","coordinates":[[8.6893138,50.0171893],[8.6893536,50.0171853]]}},
{"type":"Feature","properties":{},"geometry":{"type":"LineString","coordinates":[[8.6890973,50.0172554],[8.68917,50.0172481]]}},
{"type":"Feature","properties":{},"geometry":{"type":"LineString","coordinates":[[8.6890493,50.0172179],[8.6890865,50.0172143]]}},
{"type":"Feature","properties":{},"geometry":{"type":"LineString","coordinates":[[8.6888389,50.0172635],[8.6888303,50.0172237]]}},
{"type":"Feature","properties":{},"geometry":{"type":"LineString","coordinates":[[8.68878,50.0171889],[8.6888408,50.0171831]]}},
{"type":"Feature","properties":{},"geometry":{"type":"LineString","coordinates":[[8.6888776,50.017179],[8.688847,50.0171824]]}},
{"type":"Feature","properties":{},"geometry":{"type":"LineString","coordinates":[[8.6889178,50.017224],[8.6889235,50.017249]]}},
{"type":"Feature","properties":{},"geometry":{"type":"LineString","coordinates":[[8.6889298,50.0172729],[8.688925,50.0172551]]}},
{"type":"Feature","properties":{},"geometry":{"type":"LineString","coordinates":[[8.6887405,50.016797],[8.6887504,50.0168464]]}},
{"type":"Feature","properties":{},"geometry":{"type":"LineString","coordinates":[[8.6887308,50.0168688],[8.6887735,50.0168638]]}},
{"type":"Feature","properties":{},"geometry":{"type":"LineString","coordinates":[[8.6888091,50.0168601],[8.688781,50.016863]]}},
{"type":"Feature","properties":{},"geometry":{"type":"LineString","coordinates":[[8.6887776,50.0167936],[8.688771,50.0167551]]}},
{"type":"Feature","properties":{},"geometry":{"type":"LineString","coordinates":[[8.6887311,50.0172744],[8.6887347,50.0172925],[8.6887374,50.0173062],[8.6887408,50.0173229]]}},
{"type":"Feature","properties":{},"geometry":{"type":"LineString","coordinates":[[8.6886787,50.0173113],[8.6887279,50.017307]]}},
{"type":"Feature","properties":{},"geometry":{"type":"LineString","coordinates":[[8.688767,50.0173038],[8.6887374,50.0173062]]}},
{"type":"Feature","properties":{},"geometry":{"type":"LineString","coordinates":[[8.6885126,50.0172549],[8.6885205,50.0172884]]}},
{"type":"Feature","properties":{},"geometry":{"type":"LineString","coordinates":[[8.6885267,50.0173158],[8.688522,50.0172945]]}},
{"type":"Feature","properties":{},"geometry":{"type":"LineString","coordinates":[[8.688693,50.0173374],[8.688702,50.0173758]]}},
{"type":"Feature","properties":{},"geometry":{"type":"LineString","coordinates":[[8.6887083,50.0174034],[8.6887034,50.017383]]}},
{"type":"Feature","properties":{},"geometry":{"type":"LineString","coordinates":[[8.6887524,50.0173714],[8.6887484,50.0173493],[8.6887473,50.0173435],[8.6887455,50.0173336]]}},
{"type":"Feature","properties":{},"geometry":{"type":"LineString","coordinates":[[8.6887169,50.0173525],[8.6887387,50.0173505]]}},
{"type":"Feature","properties":{},"geometry":{"type":"LineString","coordinates":[[8.6887798,50.0173462],[8.6887484,50.0173493]]}},
{"type":"Feature","properties":{},"geometry":{"type":"LineString","coordinates":[[8.6888739,50.0173585],[8.6888797,50.0173896],[8.6888828,50.0174058]]}},
{"type":"Feature","properties":{},"geometry":{"type":"LineString","coordinates":[[8.6888376,50.017394],[8.6888797,50.0173896]]}},
{"type":"Feature","properties":{},"geometry":{"type":"LineString","coordinates":[[8.6889231,50.0173843],[8.6888898,50.0173879]]}},
{"type":"Feature","properties":{},"geometry":{"type":"LineString","coordinates":[[8.6889648,50.0173229],[8.6889708,50.0173496]]}},
{"type":"Feature","properties":{},"geometry":{"type":"LineString","coordinates":[[8.688976,50.017373],[8.688972,50.0173563]]}},
{"type":"Feature","properties":{},"geometry":{"type":"LineString","coordinates":[[8.6896513,50.0173137],[8.6896919,50.0173097]]}},
{"type":"Feature","properties":{},"geometry":{"type":"LineString","coordinates":[[8.6896842,50.0172712],[8.6898075,50.0172597]]}},
{"type":"Feature","properties":{},"geometry":{"type":"LineString","coordinates":[[8.6901388,50.0172246],[8.6902279,50.0172159]]}},
{"type":"Feature","properties":{},"geometry":{"type":"LineString","coordinates":[[8.6901301,50.0172828],[8.6901268,50.0172689],[8.6901261,50.017266],[8.6901222,50.0172491]]}},
{"type":"Feature","properties":{},"geometry":{"type":"LineString","coordinates":[[8.6900662,50.0172746],[8.6901268,50.0172689]]}},
{"type":"Feature","properties":{},"geometry":{"type":"LineString","coordinates":[[8.6901794,50.0172636],[8.6901476,50.0172668]]}},
{"type":"Feature","properties":{},"geometry":{"type":"LineString","coordinates":[[8.6901538,50.0173782],[8.6902638,50.0173672]]}},
{"type":"Feature","properties":{},"geometry":{"type":"LineString","coordinates":[[8.6903176,50.0173624],[8.6902716,50.0173665]]}},
{"type":"Feature","properties":{},"geometry":{"type":"LineString","coordinates":[[8.6902887,50.0174996],[8.690177,50.01751],[8.6901535,50.0175122]]}},
{"type":"Feature","properties":{},"geometry":{"type":"LineString","coordinates":[[8.6901679,50.0174777],[8.6901742,50.0174998]]}},
{"type":"Feature","properties":{},"geometry":{"type":"LineString","coordinates":[[8.6901869,50.0175416],[8.690177,50.01751]]}},
{"type":"Feature","properties":{},"geometry":{"type":"LineString","coordinates":[[8.6903268,50.0174952],[8.6903164,50.0174547]]}},
{"type":"Feature","properties":{},"geometry":{"type":"LineString","coordinates":[[8.6903268,50.0174952],[8.6903419,50.0175623]]}},
{"type":"Feature","properties":{},"geometry":{"type":"LineString","coordinates":[[8.6873797,50.0164247],[8.6874144,50.0163774]]}},
{"type":"Feature","properties":{},"geometry":{"type":"LineString","coordinates":[[8.6873306,50.0163304],[8.6874031,50.0163528]]}},
{"type":"Feature","properties":{},"geometry":{"type":"LineString","coordinates":[[8.6874442,50.0163655],[8.6874157,50.0163568]]}},
{"type":"Feature","properties":{},"geometry":{"type":"LineString","coordinates":[[8.6874329,50.0163284],[8.6873988,50.0162969],[8.6873948,50.0162932],[8.6873837,50.016283]]}},
{"type":"Feature","properties":{},"geometry":{"type":"LineString","coordinates":[[8.6873632,50.0163153],[8.6873879,50.0163035]]}},
{"type":"Feature","properties":{},"geometry":{"type":"LineString","coordinates":[[8.6874346,50.0162799],[8.6873988,50.0162969]]}},
{"type":"Feature","properties":{},"geometry":{"type":"LineString","coordinates":[[8.687484,50.0162506],[8.687525,50.0162898]]}},
{"type":"Feature","properties":{},"geometry":{"type":"LineString","coordinates":[[8.6875574,50.0163203],[8.6875319,50.0162966]]}},
{"type":"Feature","properties":{},"geometry":{"type":"LineString","coordinates":[[8.6877053,50.0162029],[8.6876866,50.0161861],[8.6876781,50.0161784],[8.6876615,50.0161635]]}},
{"type":"Feature","properties":{},"geometry":{"type":"LineString","coordinates":[[8.6876265,50.0162021],[8.6876697,50.0161826]]}},
{"type":"Feature","properties":{},"geometry":{"type":"LineString","coordinates":[[8.6877043,50.0161676],[8.6876781,50.0161784]]}},
{"type":"Feature","properties":{},"geometry":{"type":"LineString","coordinates":[[8.6878348,50.0160981],[8.6878703,50.0161319]]}},
{"type":"Feature","properties":{},"geometry":{"type":"LineString","coordinates":[[8.6879058,50.0161621],[8.6878771,50.0161383]]}},
{"type":"Feature","properties":{},"geometry":{"type":"LineString","coordinates":[[8.6879862,50.0160957],[8.6880242,50.0160786]]}},
{"type":"Feature","properties":{},"geometry":{"type":"LineString","coordinates":[[8.6880734,50.016055],[8.6881196,50.0160337]]}},
{"type":"Feature","properties":{},"geometry":{"type":"LineString","coordinates":[[8.6880268,50.0161691],[8.6880669,50.0161518]]}},
{"type":"Feature","properties":{},"geometry":{"type":"LineString","coordinates":[[8.6881122,50.0161251],[8.688187,50.0160911]]}},
{"type":"Feature","properties":{},"geometry":{"type":"LineString","coordinates":[[8.6882207,50.0160489],[8.6882515,50.0160752]]}},
{"type":"Feature","properties":{},"geometry":{"type":"LineString","coordinates":[[8.6882847,50.0161024],[8.6882617,50.0160833]]}},
{"type":"Feature","properties":{},"geometry":{"type":"LineString","coordinates":[[8.6881619,50.0159559],[8.6881947,50.0159842]]}},
{"type":"Feature","properties":{},"geometry":{"type":"LineString","coordinates":[[8.6882195,50.0160044],[8.6882028,50.0159899]]}},
{"type":"Feature","properties":{},"geometry":{"type":"LineString","coordinates":[[8.6884771,50.0159427],[8.6885111,50.0159681]]}},
{"type":"Feature","properties":{},"geometry":{"type":"LineString","coordinates":[[8.6885451,50.015993],[8.6885243,50.0159776]]}},
{"type":"Feature","properties":{},"geometry":{"type":"LineString","coordinates":[[8.6884557,50.0160049],[8.688433,50.0159887],[8.688432,50.0159879],[8.6884199,50.0159793],[8.6884119,50.0159735]]}},
{"type":"Feature","properties":{},"geometry":{"type":"LineString","coordinates":[[8.6884285,50.015999],[8.6884211,50.0159938],[8.6883981,50.0159784]]}},
{"type":"Feature","properties":{},"geometry":{"type":"LineString","coordinates":[[8.6883966,50.0160055],[8.6884211,50.0159938]]}},
{"type":"Feature","properties":{},"geometry":{"type":"LineString","coordinates":[[8.6884545,50.0159782],[8.688432,50.0159879]]}},
{"type":"Feature","properties":{},"geometry":{"type":"LineString","coordinates":[[8.6884546,50.0160402],[8.6884824,50.0160264]]}},
{"type":"Feature","properties":{},"geometry":{"type":"LineString","coordinates":[[8.6885021,50.0160164],[8.6884889,50.0160227]]}},
{"type":"Feature","properties":{},"geometry":{"type":"LineString","coordinates":[[8.6884463,50.0161145],[8.6885048,50.0161095]]}},
{"type":"Feature","properties":{},"geometry":{"type":"LineString","coordinates":[[8.6885471,50.0161062],[8.6885163,50.0161089]]}},
{"type":"Feature","properties":{},"geometry":{"type":"LineString","coordinates":[[8.6885754,50.0165014],[8.6886343,50.0164971],[8.6886507,50.0164959],[8.6886671,50.0164947]]}},
{"type":"Feature","properties":{},"geometry":{"type":"LineString","coordinates":[[8.688641,50.0165331],[8.6886343,50.0164971]]}},
{"type":"Feature","properties":{},"geometry":{"type":"LineString","coordinates":[[8.6886273,50.0164603],[8.6886324,50.0164857]]}},
{"type":"Feature","properties":{},"geometry":{"type":"LineString","coordinates":[[8.6885754,50.0165014],[8.6885787,50.01652],[8.6885833,50.0165461]]}},
{"type":"Feature","properties":{},"geometry":{"type":"LineString","coordinates":[[8.6885149,50.0165247],[8.6885647,50.0165208]]}},
{"type":"Feature","properties":{},"geometry":{"type":"LineString","coordinates":[[8.6886035,50.0165179],[8.6885787,50.01652]]}},
{"type":"Feature","properties":{},"geometry":{"type":"LineString","coordinates":[[8.6885052,50.0163713],[8.6885563,50.0163677]]}},
{"type":"Feature","properties":{},"geometry":{"type":"LineString","coordinates":[[8.6885991,50.0163639],[8.6885676,50.0163669]]}},
{"type":"Feature","properties":{},"geometry":{"type":"LineString","coordinates":[[8.6884859,50.0163608],[8.6884901,50.0163844]]}},
{"type":"Feature","properties":{},"geometry":{"type":"LineString","coordinates":[[8.6884951,50.0164217],[8.688491,50.0163899]]}},
{"type":"Feature","properties":{},"geometry":{"type":"LineString","coordinates":[[8.687726,50.016469],[8.6878769,50.0164553]]}},
{"type":"Feature","properties":{},"geometry":{"type":"LineString","coordinates":[[8.6878942,50.0163877],[8.6879022,50.0164324]]}},
{"type":"Feature","properties":{},"geometry":{"type":"LineString","coordinates":[[8.6879076,50.0164621],[8.6879034,50.0164377]]}},
{"type":"Feature","properties":{},"geometry":{"type":"LineString","coordinates":[[8.6897807,50.016208],[8.6898383,50.0162502]]}},
{"type":"Feature","properties":{},"geometry":{"type":"LineString","coordinates":[[8.6898867,50.0162824],[8.6898495,50.0162573]]}},
{"type":"Feature","properties":{},"geometry":{"type":"LineString","coordinates":[[8.6899386,50.0161834],[8.689965,50.0162008],[8.6899692,50.0162035],[8.6899713,50.0162049],[8.6899831,50.0162127]]}},
{"type":"Feature","properties":{},"geometry":{"type":"LineString","coordinates":[[8.6899464,50.0162017],[8.6899549,50.0162071],[8.68996,50.0162103],[8.6899625,50.0162119],[8.6899736,50.016219]]}},
{"type":"Feature","properties":{},"geometry":{"type":"LineString","coordinates":[[8.6899292,50.016231],[8.6899625,50.0162119]]}},
{"type":"Feature","properties":{},"geometry":{"type":"LineString","coordinates":[[8.6899913,50.0161941],[8.6899713,50.0162049]]}},
{"type":"Feature","properties":{},"geometry":{"type":"LineString","coordinates":[[8.6899355,50.0161954],[8.6899705,50.016176],[8.6899784,50.0161716],[8.6900079,50.0161552]]}},
{"type":"Feature","properties":{},"geometry":{"type":"LineString","coordinates":[[8.6899442,50.016181],[8.6899631,50.0161707],[8.6899712,50.0161663],[8.6899723,50.0161657],[8.6899982,50.0161515]]}},
{"type":"Feature","properties":{},"geometry":{"type":"LineString","coordinates":[[8.6899367,50.0161431],[8.6899712,50.0161663]]}},
{"type":"Feature","properties":{},"geometry":{"type":"LineString","coordinates":[[8.6899942,50.016182],[8.6899784,50.0161716]]}},
{"type":"Feature","properties":{},"geometry":{"type":"LineString","coordinates":[[8.6887026,50.0163959],[8.6887525,50.0163921]]}},
{"type":"Feature","properties":{},"geometry":{"type":"LineString","coordinates":[[8.6897828,50.0161247],[8.6898198,50.0161026]]}},
{"type":"Feature","properties":{},"geometry":{"type":"LineString","coordinates":[[8.6898498,50.0160823],[8.6898248,50.0160986]]}},
{"type":"Feature","properties":{},"geometry":{"type":"LineString","coordinates":[[8.6897251,50.0160652],[8.6896959,50.0160436]]}},
{"type":"Feature","properties":{},"geometry":{"type":"LineString","coordinates":[[8.6897682,50.0160404],[8.6898206,50.016078]]}},
{"type":"Feature","properties":{},"geometry":{"type":"LineString","coordinates":[[8.689406,50.0157592],[8.6893693,50.0157797]]}},
{"type":"Feature","properties":{},"geometry":{"type":"LineString","coordinates":[[8.6893365,50.0157991],[8.689364,50.0157835]]}},
{"type":"Feature","properties":{},"geometry":{"type":"LineString","coordinates":[[8.6885959,50.0159054],[8.6886534,50.015875]]}},
{"type":"Feature","properties":{},"geometry":{"type":"LineString","coordinates":[[8.6886772,50.0159072],[8.68872,50.0159045]]}},
{"type":"Feature","properties":{},"geometry":{"type":"LineString","coordinates":[[8.6886634,50.015884],[8.6887013,50.0158639],[8.6887181,50.015855]]}},
{"type":"Feature","properties":{},"geometry":{"type":"LineString","coordinates":[[8.6886733,50.0158433],[8.6887013,50.0158639]]}},
{"type":"Feature","properties":{},"geometry":{"type":"LineString","coordinates":[[8.6887263,50.015881],[8.6887103,50.0158702]]}},
{"type":"Feature","properties":{},"geometry":{"type":"LineString","coordinates":[[8.6886025,50.0159394],[8.6886373,50.0159359],[8.6886481,50.0159349]]}},
{"type":"Feature","properties":{},"geometry":{"type":"LineString","coordinates":[[8.6886094,50.0159205],[8.6886334,50.0159184],[8.6886448,50.0159174]]}},
{"type":"Feature","properties":{},"geometry":{"type":"LineString","coordinates":[[8.6886334,50.0159184],[8.6886373,50.0159359]]}},
{"type":"Feature","properties":{},"geometry":{"type":"LineString","coordinates":[[8.6886025,50.0159394],[8.6886053,50.0159578],[8.6886063,50.0159643]]}},
{"type":"Feature","properties":{},"geometry":{"type":"LineString","coordinates":[[8.6885762,50.0159599],[8.6886053,50.0159578]]}},
{"type":"Feature","properties":{},"geometry":{"type":"LineString","coordinates":[[8.6886399,50.0159557],[8.6886168,50.0159569]]}},
{"type":"Feature","properties":{},"geometry":{"type":"LineString","coordinates":[[8.6888876,50.0157029],[8.6889691,50.015671]]}},
{"type":"Feature","properties":{},"geometry":{"type":"LineString","coordinates":[[8.6888124,50.0157261],[8.688883,50.0156983]]}},
{"type":"Feature","properties":{},"geometry":{"type":"LineString","coordinates":[[8.688778,50.0155947],[8.6887516,50.0155793],[8.6887499,50.0155784],[8.6887355,50.01557]]}},
{"type":"Feature","properties":{},"geometry":{"type":"LineString","coordinates":[[8.6887275,50.015596],[8.6887499,50.0155784]]}},
{"type":"Feature","properties":{},"geometry":{"type":"LineString","coordinates":[[8.6887725,50.0155575],[8.6887602,50.0155673]]}},
{"type":"Feature","properties":{},"geometry":{"type":"LineString","coordinates":[[8.6887883,50.0155836],[8.6888151,50.0155592],[8.6888249,50.0155503]]}},
{"type":"Feature","properties":{},"geometry":{"type":"LineString","coordinates":[[8.688788,50.0155447],[8.6888151,50.0155592]]}},
{"type":"Feature","properties":{},"geometry":{"type":"LineString","coordinates":[[8.688869,50.0155875],[8.6888316,50.0155666]]}},
{"type":"Feature","properties":{},"geometry":{"type":"LineString","coordinates":[[8.6916907,50.0135636],[8.6917275,50.0135407]]}},
{"type":"Feature","properties":{},"geometry":{"type":"LineString","coordinates":[[8.6915544,50.0135673],[8.6916018,50.0135956]]}},
{"type":"Feature","properties":{},"geometry":{"type":"LineString","coordinates":[[8.6916317,50.0136121],[8.6916099,50.0136]]}},
{"type":"Feature","properties":{},"geometry":{"type":"LineString","coordinates":[[8.6910788,50.0139262],[8.6911008,50.013911]]}},
{"type":"Feature","properties":{},"geometry":{"type":"LineString","coordinates":[[8.6911586,50.0139458],[8.6912176,50.0139031]]}},
{"type":"Feature","properties":{},"geometry":{"type":"LineString","coordinates":[[8.6909978,50.0139329],[8.6910582,50.0139658]]}},
{"type":"Feature","properties":{},"geometry":{"type":"LineString","coordinates":[[8.6910987,50.0139873],[8.6910659,50.0139698]]}},
{"type":"Feature","properties":{},"geometry":{"type":"LineString","coordinates":[[8.6908851,50.0141454],[8.6909221,50.0141173]]}},
{"type":"Feature","properties":{},"geometry":{"type":"LineString","coordinates":[[8.690805,50.0141432],[8.6908378,50.0141187]]}},
{"type":"Feature","properties":{},"geometry":{"type":"LineString","coordinates":[[8.690708,50.0141558],[8.6907704,50.0141863]]}},
{"type":"Feature","properties":{},"geometry":{"type":"LineString","coordinates":[[8.6908221,50.0142104],[8.6907792,50.0141893]]}},
{"type":"Feature","properties":{},"geometry":{"type":"LineString","coordinates":[[8.6906018,50.0143918],[8.6906447,50.0143563]]}},
{"type":"Feature","properties":{},"geometry":{"type":"LineString","coordinates":[[8.6906792,50.0143242],[8.6906501,50.0143487]]}},
{"type":"Feature","properties":{},"geometry":{"type":"LineString","coordinates":[[8.6912849,50.0146847],[8.691305,50.0146692],[8.6913116,50.0146641],[8.6913182,50.0146589]]}},
{"type":"Feature","properties":{},"geometry":{"type":"LineString","coordinates":[[8.6912587,50.0146388],[8.6912921,50.0146555]]}},
{"type":"Feature","properties":{},"geometry":{"type":"LineString","coordinates":[[8.691342,50.0146802],[8.6913116,50.0146641]]}},
{"type":"Feature","properties":{},"geometry":{"type":"LineString","coordinates":[[8.6911473,50.0146844],[8.6911969,50.0146454]]}},
{"type":"Feature","properties":{},"geometry":{"type":"LineString","coordinates":[[8.6912256,50.0146211],[8.691202,50.0146397]]}},
{"type":"Feature","properties":{},"geometry":{"type":"LineString","coordinates":[[8.6912726,50.0146842],[8.6912571,50.0146962],[8.6912492,50.0147023],[8.6912258,50.0147203]]}},
{"type":"Feature","properties":{},"geometry":{"type":"LineString","coordinates":[[8.6912748,50.0146712],[8.6912481,50.0146912],[8.6912415,50.0146962],[8.6912396,50.0146977],[8.6912166,50.0147149]]}},
{"type":"Feature","properties":{},"geometry":{"type":"LineString","coordinates":[[8.6912085,50.0146812],[8.6912396,50.0146977]]}},
{"type":"Feature","properties":{},"geometry":{"type":"LineString","coordinates":[[8.6912684,50.0147127],[8.6912492,50.0147023]]}},
{"type":"Feature","properties":{},"geometry":{"type":"LineString","coordinates":[[8.6913098,50.0145855],[8.6913445,50.014556]]}},
{"type":"Feature","properties":{},"geometry":{"type":"LineString","coordinates":[[8.6913965,50.0145134],[8.6914382,50.0145339]]}},
{"type":"Feature","properties":{},"geometry":{"type":"LineString","coordinates":[[8.6914718,50.014549],[8.6914461,50.0145376]]}},
{"type":"Feature","properties":{},"geometry":{"type":"LineString","coordinates":[[8.691564,50.0144502],[8.6916284,50.0143972]]}},
{"type":"Feature","properties":{},"geometry":{"type":"LineString","coordinates":[[8.691528,50.0144316],[8.6915649,50.0144026]]}},
{"type":"Feature","properties":{},"geometry":{"type":"LineString","coordinates":[[8.6916575,50.0142936],[8.6917026,50.0143161]]}},
{"type":"Feature","properties":{},"geometry":{"type":"LineString","coordinates":[[8.6917418,50.0143368],[8.6917099,50.0143197]]}},
{"type":"Feature","properties":{},"geometry":{"type":"LineString","coordinates":[[8.6917668,50.0142921],[8.6918008,50.0142644]]}},
{"type":"Feature","properties":{},"geometry":{"type":"LineString","coordinates":[[8.691747,50.0142364],[8.6917876,50.0142019]]}},
{"type":"Feature","properties":{},"geometry":{"type":"LineString","coordinates":[[8.6918625,50.0141402],[8.6918421,50.0141562]]}},
{"type":"Feature","properties":{},"geometry":{"type":"LineString","coordinates":[[8.6918968,50.0140655],[8.6919649,50.0140986]]}},
{"type":"Feature","properties":{},"geometry":{"type":"LineString","coordinates":[[8.6920079,50.0141199],[8.691973,50.0141023]]}},
{"type":"Feature","properties":{},"geometry":{"type":"LineString","coordinates":[[8.692278,50.0137508],[8.6923452,50.0137851]]}},
{"type":"Feature","properties":{},"geometry":{"type":"LineString","coordinates":[[8.6923973,50.01381],[8.6923541,50.013789]]}},
{"type":"Feature","properties":{},"geometry":{"type":"LineString","coordinates":[[8.6925065,50.0136836],[8.692555,50.0136442]]}},
{"type":"Feature","properties":{},"geometry":{"type":"LineString","coordinates":[[8.692579,50.0137855],[8.6926078,50.013762]]}},
{"type":"Feature","properties":{},"geometry":{"type":"LineString","coordinates":[[8.6921775,50.0139972],[8.6922248,50.0140207]]}},
{"type":"Feature","properties":{},"geometry":{"type":"LineString","coordinates":[[8.6922597,50.0140375],[8.6922348,50.0140249]]}},
{"type":"Feature","properties":{},"geometry":{"type":"LineString","coordinates":[[8.6922613,50.0140789],[8.6922982,50.0140482]]}},
{"type":"Feature","properties":{},"geometry":{"type":"LineString","coordinates":[[8.6921189,50.0141261],[8.6921494,50.014142],[8.6921684,50.014152],[8.6921799,50.0141579]]}},
{"type":"Feature","properties":{},"geometry":{"type":"LineString","coordinates":[[8.6921199,50.0141659],[8.6921387,50.0141507]]}},
{"type":"Feature","properties":{},"geometry":{"type":"LineString","coordinates":[[8.692182,50.0141153],[8.6921494,50.014142]]}},
{"type":"Feature","properties":{},"geometry":{"type":"LineString","coordinates":[[8.6921299,50.0140489],[8.6921568,50.0140268]]}},
{"type":"Feature","properties":{},"geometry":{"type":"LineString","coordinates":[[8.6919673,50.0142568],[8.6919389,50.0142428],[8.6919345,50.0142407],[8.6919238,50.0142354],[8.6919097,50.0142285],[8.6919017,50.0142245]]}},
{"type":"Feature","properties":{},"geometry":{"type":"LineString","coordinates":[[8.6919605,50.0142429],[8.6919321,50.0142286],[8.691917,50.014221],[8.6919106,50.0142178]]}},
{"type":"Feature","properties":{},"geometry":{"type":"LineString","coordinates":[[8.6919452,50.0142556],[8.6919314,50.0142491],[8.6919285,50.0142477],[8.6919117,50.0142397]]}},
{"type":"Feature","properties":{},"geometry":{"type":"LineString","coordinates":[[8.691904,50.0142671],[8.6919285,50.0142477]]}},
{"type":"Feature","properties":{},"geometry":{"type":"LineString","coordinates":[[8.6919529,50.0142256],[8.6919345,50.0142407]]}},
{"type":"Feature","properties":{},"geometry":{"type":"LineString","coordinates":[[8.6918886,50.0142467],[8.6919097,50.0142285]]}},
{"type":"Feature","properties":{},"geometry":{"type":"LineString","coordinates":[[8.6919316,50.0142085],[8.691917,50.014221]]}},
{"type":"Feature","properties":{},"geometry":{"type":"LineString","coordinates":[[8.6918509,50.0142828],[8.691889,50.0143017]]}},
{"type":"Feature","properties":{},"geometry":{"type":"LineString","coordinates":[[8.6919209,50.0143161],[8.6918975,50.0143053]]}},
{"type":"Feature","properties":{},"geometry":{"type":"LineString","coordinates":[[8.6914373,50.0146158],[8.6914818,50.0146382]]}},
{"type":"Feature","properties":{},"geometry":{"type":"LineString","coordinates":[[8.6915244,50.0146585],[8.6914895,50.014642]]}},
{"type":"Feature","properties":{},"geometry":{"type":"LineString","coordinates":[[8.6914636,50.014777],[8.6914833,50.0147615],[8.6914957,50.0147518],[8.691503,50.0147461]]}},
{"type":"Feature","properties":{},"geometry":{"type":"LineString","coordinates":[[8.6914566,50.0147309],[8.6914957,50.0147518]]}},
{"type":"Feature","properties":{},"geometry":{"type":"LineString","coordinates":[[8.6915313,50.0147706],[8.6915069,50.0147573]]}},
{"type":"Feature","properties":{},"geometry":{"type":"LineString","coordinates":[[8.6914767,50.0148398],[8.6915142,50.0148114]]}},
{"type":"Feature","properties":{},"geometry":{"type":"LineString","coordinates":[[8.6915463,50.0147842],[8.6915194,50.0148058]]}},
{"type":"Feature","properties":{},"geometry":{"type":"LineString","coordinates":[[8.6918532,50.0149768],[8.691878,50.0149572],[8.69188,50.0149556],[8.6918867,50.0149503],[8.6918965,50.0149426]]}},
{"type":"Feature","properties":{},"geometry":{"type":"LineString","coordinates":[[8.6918498,50.0149316],[8.6918867,50.0149503]]}},
{"type":"Feature","properties":{},"geometry":{"type":"LineString","coordinates":[[8.6919146,50.0149644],[8.6918962,50.0149553]]}},
{"type":"Feature","properties":{},"geometry":{"type":"LineString","coordinates":[[8.6917579,50.0149824],[8.6917897,50.014955]]}},
{"type":"Feature","properties":{},"geometry":{"type":"LineString","coordinates":[[8.6918216,50.0149268],[8.6917956,50.0149488]]}},
{"type":"Feature","properties":{},"geometry":{"type":"LineString","coordinates":[[8.6918375,50.0149888],[8.6918846,50.0150129]]}},
{"type":"Feature","properties":{},"geometry":{"type":"LineString","coordinates":[[8.6919461,50.0149836],[8.691974,50.0149968]]}},
{"type":"Feature","properties":{},"geometry":{"type":"LineString","coordinates":[[8.692008,50.0150125],[8.6919887,50.0150031]]}},
{"type":"Feature","properties":{},"geometry":{"type":"LineString","coordinates":[[8.6922328,50.0147794],[8.6922715,50.014798]]}},
{"type":"Feature","properties":{},"geometry":{"type":"LineString","coordinates":[[8.6921815,50.0147523],[8.6921664,50.0147446],[8.6921569,50.0147397],[8.6921323,50.0147272]]}},
{"type":"Feature","properties":{},"geometry":{"type":"LineString","coordinates":[[8.6921252,50.0147662],[8.6921472,50.014749]]}},
{"type":"Feature","properties":{},"geometry":{"type":"LineString","coordinates":[[8.692201,50.014705],[8.6921569,50.0147397]]}},
{"type":"Feature","properties":{},"geometry":{"type":"LineString","coordinates":[[8.6920499,50.0151434],[8.6920909,50.0151113]]}},
{"type":"Feature","properties":{},"geometry":{"type":"LineString","coordinates":[[8.6921192,50.0150857],[8.6920954,50.0151064]]}},
{"type":"Feature","properties":{},"geometry":{"type":"LineString","coordinates":[[8.6924349,50.0152356],[8.69248,50.015204]]}},
{"type":"Feature","properties":{},"geometry":{"type":"LineString","coordinates":[[8.6922818,50.0152618],[8.6923216,50.0152358]]}},
{"type":"Feature","properties":{},"geometry":{"type":"LineString","coordinates":[[8.6923521,50.0152141],[8.6923283,50.0152308]]}},
{"type":"Feature","properties":{},"geometry":{"type":"LineString","coordinates":[[8.6923702,50.0152316],[8.6923932,50.0152456]]}},
{"type":"Feature","properties":{},"geometry":{"type":"LineString","coordinates":[[8.6924394,50.0152742],[8.6924007,50.0152499]]}},
{"type":"Feature","properties":{},"geometry":{"type":"LineString","coordinates":[[8.6926368,50.0150153],[8.6926806,50.0150432]]}},
{"type":"Feature","properties":{},"geometry":{"type":"LineString","coordinates":[[8.6927165,50.0150651],[8.6926882,50.015047]]}},
{"type":"Feature","properties":{},"geometry":{"type":"LineString","coordinates":[[8.6928231,50.0149368],[8.6928122,50.0149304],[8.6928051,50.0149263],[8.6927895,50.0149171]]}},
{"type":"Feature","properties":{},"geometry":{"type":"LineString","coordinates":[[8.6927906,50.0149371],[8.6928051,50.0149263]]}},
{"type":"Feature","properties":{},"geometry":{"type":"LineString","coordinates":[[8.6928284,50.0149075],[8.6928101,50.0149212]]}},
{"type":"Feature","properties":{},"geometry":{"type":"LineString","coordinates":[[8.6928435,50.0149496],[8.6927829,50.0149919]]}},
{"type":"Feature","properties":{},"geometry":{"type":"LineString","coordinates":[[8.6928899,50.0149204],[8.6929137,50.0149034]]}},
{"type":"Feature","properties":{},"geometry":{"type":"LineString","coordinates":[[8.6928485,50.0148947],[8.6928732,50.0148791]]}},
{"type":"Feature","properties":{},"geometry":{"type":"LineString","coordinates":[[8.6929498,50.0147859],[8.6930001,50.0148168]]}},
{"type":"Feature","properties":{},"geometry":{"type":"LineString","coordinates":[[8.6930375,50.0148385],[8.6930087,50.0148216]]}},
{"type":"Feature","properties":{},"geometry":{"type":"LineString","coordinates":[[8.6930812,50.0147829],[8.6932012,50.0146993]]}},
{"type":"Feature","properties":{},"geometry":{"type":"LineString","coordinates":[[8.6932149,50.0146045],[8.6932379,50.0145872]]}},
{"type":"Feature","properties":{},"geometry":{"type":"LineString","coordinates":[[8.6932391,50.0146808],[8.6932728,50.014657]]}},
{"type":"Feature","properties":{},"geometry":{"type":"LineString","coordinates":[[8.6933028,50.0145426],[8.6933494,50.0145705]]}},
{"type":"Feature","properties":{},"geometry":{"type":"LineString","coordinates":[[8.6933844,50.0145902],[8.6933576,50.0145745]]}},
{"type":"Feature","properties":{},"geometry":{"type":"LineString","coordinates":[[8.69347,50.0144383],[8.6935049,50.0144605]]}},
{"type":"Feature","properties":{},"geometry":{"type":"LineString","coordinates":[[8.6935356,50.014479],[8.6935131,50.0144644]]}},
{"type":"Feature","properties":{},"geometry":{"type":"LineString","coordinates":[[8.6934624,50.0144258],[8.6934979,50.0144069]]}},
{"type":"Feature","properties":{},"geometry":{"type":"LineString","coordinates":[[8.6935334,50.0143881],[8.6935052,50.0144021]]}},
{"type":"Feature","properties":{},"geometry":{"type":"LineString","coordinates":[[8.6934489,50.0143521],[8.6934119,50.0143716],[8.6934065,50.0143744],[8.693396,50.0143799]]}},
{"type":"Feature","properties":{},"geometry":{"type":"LineString","coordinates":[[8.6933744,50.0143426],[8.6934041,50.0143661]]}},
{"type":"Feature","properties":{},"geometry":{"type":"LineString","coordinates":[[8.6934288,50.0143854],[8.6934119,50.0143716]]}},
{"type":"Feature","properties":{},"geometry":{"type":"LineString","coordinates":[[8.6893299,50.0157432],[8.6892115,50.0156615]]}},
{"type":"Feature","properties":{},"geometry":{"type":"LineString","coordinates":[[8.6891387,50.015678],[8.6891869,50.0156592]]}},
{"type":"Feature","properties":{},"geometry":{"type":"LineString","coordinates":[[8.6879184,50.017505],[8.6879478,50.017503]]}},
{"type":"Feature","properties":{},"geometry":{"type":"LineString","coordinates":[[8.6894861,50.0164002],[8.6895485,50.0163948]]}},
{"type":"Feature","properties":{},"geometry":{"type":"LineString","coordinates":[[8.6917177,50.0161677],[8.6917586,50.0161868]]}},
{"type":"Feature","properties":{},"geometry":{"type":"LineString","coordinates":[[8.6917177,50.0161677],[8.6916726,50.0161475]]}},
{"type":"Feature","properties":{},"geometry":{"type":"LineString","coordinates":[[8.691769,50.0162233],[8.6917936,50.016197]]}},
{"type":"Feature","properties":{},"geometry":{"type":"LineString","coordinates":[[8.6918171,50.0161707],[8.6917997,50.0161897]]}},
{"type":"Feature","properties":{},"geometry":{"type":"LineString","coordinates":[[8.6920109,50.0162711],[8.6920694,50.0162903]]}},
{"type":"Feature","properties":{},"geometry":{"type":"LineString","coordinates":[[8.6919185,50.0162909],[8.6919514,50.0162506]]}},
{"type":"Feature","properties":{},"geometry":{"type":"LineString","coordinates":[[8.6919728,50.0162244],[8.6919561,50.0162442]]}},
{"type":"Feature","properties":{},"geometry":{"type":"LineString","coordinates":[[8.6922062,50.0163345],[8.6922518,50.0163497],[8.6922613,50.0163529]]}},
{"type":"Feature","properties":{},"geometry":{"type":"LineString","coordinates":[[8.6922062,50.0163345],[8.6921937,50.016351],[8.692188,50.0163587]]}},
{"type":"Feature","properties":{},"geometry":{"type":"LineString","coordinates":[[8.6922055,50.0163175],[8.6921823,50.0163476],[8.692177,50.0163545]]}},
{"type":"Feature","properties":{},"geometry":{"type":"LineString","coordinates":[[8.6922403,50.0163652],[8.6922518,50.0163497]]}},
{"type":"Feature","properties":{},"geometry":{"type":"LineString","coordinates":[[8.6922794,50.0163145],[8.6922583,50.0163412]]}},
{"type":"Feature","properties":{},"geometry":{"type":"LineString","coordinates":[[8.6922169,50.016358],[8.6921937,50.016351]]}},
{"type":"Feature","properties":{},"geometry":{"type":"LineString","coordinates":[[8.6921365,50.0163335],[8.6921823,50.0163476]]}},
{"type":"Feature","properties":{},"geometry":{"type":"LineString","coordinates":[[8.692216,50.0162667],[8.6922292,50.0162506]]}},
{"type":"Feature","properties":{},"geometry":{"type":"LineString","coordinates":[[8.6922679,50.0162829],[8.6922986,50.0162447]]}},
{"type":"Feature","properties":{},"geometry":{"type":"LineString","coordinates":[[8.6922672,50.0161429],[8.6923234,50.0161622]]}},
{"type":"Feature","properties":{},"geometry":{"type":"LineString","coordinates":[[8.6923689,50.0161773],[8.6923354,50.0161654]]}},
{"type":"Feature","properties":{},"geometry":{"type":"LineString","coordinates":[[8.6924085,50.0160449],[8.6923732,50.0160332],[8.6923663,50.0160309]]}},
{"type":"Feature","properties":{},"geometry":{"type":"LineString","coordinates":[[8.6923476,50.016066],[8.6923732,50.0160332]]}},
{"type":"Feature","properties":{},"geometry":{"type":"LineString","coordinates":[[8.6923904,50.0160088],[8.6923796,50.0160242]]}},
{"type":"Feature","properties":{},"geometry":{"type":"LineString","coordinates":[[8.6925603,50.0157235],[8.6926398,50.0157495]]}},
{"type":"Feature","properties":{},"geometry":{"type":"LineString","coordinates":[[8.6926951,50.0157651],[8.6926526,50.0157524]]}},
{"type":"Feature","properties":{},"geometry":{"type":"LineString","coordinates":[[8.6927981,50.015527],[8.6927583,50.0155143],[8.6927311,50.0155057]]}},
{"type":"Feature","properties":{},"geometry":{"type":"LineString","coordinates":[[8.6928007,50.0155432],[8.692818,50.015521],[8.6928346,50.0154996],[8.6928376,50.0154957]]}},
{"type":"Feature","properties":{},"geometry":{"type":"LineString","coordinates":[[8.6927758,50.0154931],[8.6927583,50.0155143]]}},
{"type":"Feature","properties":{},"geometry":{"type":"LineString","coordinates":[[8.6927381,50.0155396],[8.692751,50.0155232]]}},
{"type":"Feature","properties":{},"geometry":{"type":"LineString","coordinates":[[8.692796,50.0154878],[8.6928214,50.0154959]]}},
{"type":"Feature","properties":{},"geometry":{"type":"LineString","coordinates":[[8.6928696,50.0155111],[8.6928346,50.0154996]]}},
{"type":"Feature","properties":{},"geometry":{"type":"LineString","coordinates":[[8.6926762,50.0155826],[8.6927514,50.0156048]]}},
{"type":"Feature","properties":{},"geometry":{"type":"LineString","coordinates":[[8.6928015,50.0156194],[8.6927639,50.0156075]]}},
{"type":"Feature","properties":{},"geometry":{"type":"LineString","coordinates":[[8.6928405,50.0155844],[8.6928595,50.0155593]]}},
{"type":"Feature","properties":{},"geometry":{"type":"LineString","coordinates":[[8.6928709,50.0155425],[8.6928622,50.0155542]]}},
{"type":"Feature","properties":{},"geometry":{"type":"LineString","coordinates":[[8.6928476,50.0156046],[8.6928871,50.0156167]]}},
{"type":"Feature","properties":{},"geometry":{"type":"LineString","coordinates":[[8.6929207,50.0156272],[8.6928961,50.0156192]]}},
{"type":"Feature","properties":{},"geometry":{"type":"LineString","coordinates":[[8.6929412,50.0156168],[8.6929633,50.0155879]]}},
{"type":"Feature","properties":{},"geometry":{"type":"LineString","coordinates":[[8.6929831,50.0155606],[8.6929697,50.0155792]]}},
{"type":"Feature","properties":{},"geometry":{"type":"LineString","coordinates":[[8.6933804,50.0157157],[8.693451,50.0157435]]}},
{"type":"Feature","properties":{},"geometry":{"type":"LineString","coordinates":[[8.6926375,50.0154306],[8.6926573,50.0154051]]}},
{"type":"Feature","properties":{},"geometry":{"type":"LineString","coordinates":[[8.6926744,50.0153817],[8.692662,50.0153979]]}},
{"type":"Feature","properties":{},"geometry":{"type":"LineString","coordinates":[[8.6926919,50.0154091],[8.6927244,50.0153644],[8.6927257,50.0153626],[8.6927325,50.0153534]]}},
{"type":"Feature","properties":{},"geometry":{"type":"LineString","coordinates":[[8.6926927,50.0153543],[8.6927244,50.0153644]]}},
{"type":"Feature","properties":{},"geometry":{"type":"LineString","coordinates":[[8.6927719,50.0153794],[8.6927424,50.0153704]]}},
{"type":"Feature","properties":{},"geometry":{"type":"LineString","coordinates":[[8.6928454,50.0154444],[8.6928277,50.015467],[8.6928171,50.0154806]]}},
{"type":"Feature","properties":{},"geometry":{"type":"LineString","coordinates":[[8.6928012,50.0154591],[8.6928277,50.015467]]}},
{"type":"Feature","properties":{},"geometry":{"type":"LineString","coordinates":[[8.6928626,50.0154767],[8.6928404,50.0154705]]}},
{"type":"Feature","properties":{},"geometry":{"type":"LineString","coordinates":[[8.6933011,50.0156391],[8.6933244,50.0156148]]}},
{"type":"Feature","properties":{},"geometry":{"type":"LineString","coordinates":[[8.6933423,50.0155936],[8.6933296,50.0156074]]}},
{"type":"Feature","properties":{},"geometry":{"type":"LineString","coordinates":[[8.6932547,50.0157198],[8.6932782,50.0156945]]}},
{"type":"Feature","properties":{},"geometry":{"type":"LineString","coordinates":[[8.6933009,50.015671],[8.6932851,50.0156878]]}},
{"type":"Feature","properties":{},"geometry":{"type":"LineString","coordinates":[[8.6936629,50.015701],[8.6936893,50.0157112]]}},
{"type":"Feature","properties":{},"geometry":{"type":"LineString","coordinates":[[8.693732,50.0157272],[8.6937004,50.0157148]]}},
{"type":"Feature","properties":{},"geometry":{"type":"LineString","coordinates":[[8.6935632,50.0157436],[8.6935875,50.0157174]]}},
{"type":"Feature","properties":{},"geometry":{"type":"LineString","coordinates":[[8.6936094,50.0156921],[8.693593,50.0157105]]}},
{"type":"Feature","properties":{},"geometry":{"type":"LineString","coordinates":[[8.6943864,50.0152804],[8.6944668,50.0152108]]}},
{"type":"Feature","properties":{},"geometry":{"type":"LineString","coordinates":[[8.694283,50.0152758],[8.6943327,50.0153001]]}},
{"type":"Feature","properties":{},"geometry":{"type":"LineString","coordinates":[[8.6943713,50.0153192],[8.69434,50.015304]]}},
{"type":"Feature","properties":{},"geometry":{"type":"LineString","coordinates":[[8.6939636,50.0154542],[8.6940114,50.0154892]]}},
{"type":"Feature","properties":{},"geometry":{"type":"LineString","coordinates":[[8.6940537,50.0155183],[8.6940201,50.0154952]]}},
{"type":"Feature","properties":{},"geometry":{"type":"LineString","coordinates":[[8.694424,50.0151157],[8.6944544,50.0150751]]}},
{"type":"Feature","properties":{},"geometry":{"type":"LineString","coordinates":[[8.6945266,50.0151562],[8.6945766,50.0151154]]}},
{"type":"Feature","properties":{},"geometry":{"type":"LineString","coordinates":[[8.69421,50.014863],[8.6943236,50.0149157]]}},
{"type":"Feature","properties":{},"geometry":{"type":"LineString","coordinates":[[8.6928614,50.0156627],[8.6929291,50.0156847],[8.692942,50.0156888],[8.6929914,50.0157048]]}},
{"type":"Feature","properties":{},"geometry":{"type":"LineString","coordinates":[[8.6929036,50.0157164],[8.6929222,50.0156937]]}},
{"type":"Feature","properties":{},"geometry":{"type":"LineString","coordinates":[[8.6929473,50.015663],[8.6929291,50.0156847]]}},
{"type":"Feature","properties":{},"geometry":{"type":"LineString","coordinates":[[8.692782,50.0157256],[8.6928102,50.0156908]]}},
{"type":"Feature","properties":{},"geometry":{"type":"LineString","coordinates":[[8.6927607,50.0157521],[8.692782,50.0157256]]}},
{"type":"Feature","properties":{},"geometry":{"type":"LineString","coordinates":[[8.6926301,50.0152355],[8.6926482,50.0152223]]}},
{"type":"Feature","properties":{},"geometry":{"type":"LineString","coordinates":[[8.6928235,50.0150775],[8.6928433,50.0150896],[8.6928483,50.0150927],[8.6928659,50.0151035]]}},
{"type":"Feature","properties":{},"geometry":{"type":"LineString","coordinates":[[8.6928234,50.0151032],[8.6928433,50.0150896]]}},
{"type":"Feature","properties":{},"geometry":{"type":"LineString","coordinates":[[8.6928625,50.0150762],[8.6928497,50.0150845]]}},
{"type":"Feature","properties":{},"geometry":{"type":"LineString","coordinates":[[8.6932479,50.0147804],[8.6932691,50.0147926],[8.6932749,50.014796],[8.6932902,50.0148048]]}},
{"type":"Feature","properties":{},"geometry":{"type":"LineString","coordinates":[[8.693233,50.0148181],[8.6932644,50.0147965]]}},
{"type":"Feature","properties":{},"geometry":{"type":"LineString","coordinates":[[8.6932844,50.014782],[8.6932691,50.0147926]]}},
{"type":"Feature","properties":{},"geometry":{"type":"LineString","coordinates":[[8.69199,50.0156104],[8.6920107,50.0156272],[8.692015,50.0156308],[8.6920313,50.015644]]}},
{"type":"Feature","properties":{},"geometry":{"type":"LineString","coordinates":[[8.6919719,50.0156546],[8.692015,50.0156308]]}},
{"type":"Feature","properties":{},"geometry":{"type":"LineString","coordinates":[[8.6920511,50.015613],[8.6920307,50.015623]]}},
{"type":"Feature","properties":{},"geometry":{"type":"LineString","coordinates":[[8.691869,50.0155995],[8.6919119,50.0156331]]}},
{"type":"Feature","properties":{},"geometry":{"type":"LineString","coordinates":[[8.6919568,50.0156641],[8.6919283,50.0156433]]}},
{"type":"Feature","properties":{},"geometry":{"type":"LineString","coordinates":[[8.6918023,50.0157107],[8.6918227,50.0157268],[8.6918295,50.0157321],[8.6918486,50.0157472]]}},
{"type":"Feature","properties":{},"geometry":{"type":"LineString","coordinates":[[8.6917934,50.015752],[8.6918181,50.0157388]]}},
{"type":"Feature","properties":{},"geometry":{"type":"LineString","coordinates":[[8.6918651,50.0157132],[8.6918295,50.0157321]]}},
{"type":"Feature","properties":{},"geometry":{"type":"LineString","coordinates":[[8.69774,50.0229999],[8.6978283,50.0229632]]}},
{"type":"Feature","properties":{},"geometry":{"type":"LineString","coordinates":[[8.6982145,50.0228084],[8.6982525,50.0227958]]}},
{"type":"Feature","properties":{},"geometry":{"type":"LineString","coordinates":[[8.6983049,50.0228906],[8.6983261,50.0228902]]}},
{"type":"Feature","properties":{},"geometry":{"type":"LineString","coordinates":[[8.6983849,50.0228901],[8.6983417,50.02289]]}},
{"type":"Feature","properties":{},"geometry":{"type":"LineString","coordinates":[[8.6983334,50.0228796],[8.6983332,50.0229008]]}},
{"type":"Feature","properties":{},"geometry":{"type":"LineString","coordinates":[[8.6983303,50.0229423],[8.6983309,50.0229154]]}},
{"type":"Feature","properties":{},"geometry":{"type":"LineString","coordinates":[[8.698079,50.0228497],[8.6981055,50.0228398]]}},
{"type":"Feature","properties":{},"geometry":{"type":"LineString","coordinates":[[8.6978532,50.0229391],[8.6979466,50.0228993]]}},
{"type":"Feature","properties":{},"geometry":{"type":"LineString","coordinates":[[8.6973119,50.0231441],[8.6973745,50.0231271]]}},
{"type":"Feature","properties":{},"geometry":{"type":"LineString","coordinates":[[8.6966285,50.0232344],[8.6966267,50.0232231],[8.6966255,50.0232157]]}},
{"type":"Feature","properties":{},"geometry":{"type":"LineString","coordinates":[[8.6966106,50.0232394],[8.6966084,50.0232237],[8.6966072,50.0232146]]}},
{"type":"Feature","properties":{},"geometry":{"type":"LineString","coordinates":[[8.6965716,50.0232255],[8.6966084,50.0232237]]}},
{"type":"Feature","properties":{},"geometry":{"type":"LineString","coordinates":[[8.6966689,50.02322],[8.6966267,50.0232231]]}},
{"type":"Feature","properties":{},"geometry":{"type":"LineString","coordinates":[[8.6970892,50.0235835],[8.6971019,50.0236276]]}},
{"type":"Feature","properties":{},"geometry":{"type":"LineString","coordinates":[[8.6969141,50.0236231],[8.6969333,50.0236208],[8.6969762,50.0236155]]}},
{"type":"Feature","properties":{},"geometry":{"type":"LineString","coordinates":[[8.6969447,50.0236609],[8.6969374,50.0236359]]}},
{"type":"Feature","properties":{},"geometry":{"type":"LineString","coordinates":[[8.6969183,50.0235738],[8.6969333,50.0236208]]}},
{"type":"Feature","properties":{},"geometry":{"type":"LineString","coordinates":[[8.6969986,50.0237277],[8.6970005,50.0237534]]}},
{"type":"Feature","properties":{},"geometry":{"type":"LineString","coordinates":[[8.6970019,50.0237816],[8.6970008,50.0237612]]}},
{"type":"Feature","properties":{},"geometry":{"type":"LineString","coordinates":[[8.6963187,50.0232624],[8.6964041,50.0232584]]}},
{"type":"Feature","properties":{},"geometry":{"type":"LineString","coordinates":[[8.6959593,50.0232897],[8.6960241,50.0232872]]}},
{"type":"Feature","properties":{},"geometry":{"type":"LineString","coordinates":[[8.6966961,50.0221564],[8.6967028,50.0221767]]}},
{"type":"Feature","properties":{},"geometry":{"type":"LineString","coordinates":[[8.696577,50.0218872],[8.6966537,50.0218747]]}},
{"type":"Feature","properties":{},"geometry":{"type":"LineString","coordinates":[[8.696659,50.0218493],[8.6966625,50.0218605],[8.6966664,50.0218729],[8.6966697,50.0218833]]}},
{"type":"Feature","properties":{},"geometry":{"type":"LineString","coordinates":[[8.6966925,50.0218687],[8.6966664,50.0218729]]}},
{"type":"Feature","properties":{},"geometry":{"type":"LineString","coordinates":[[8.6967994,50.0218335],[8.6968612,50.0218248]]}},
{"type":"Feature","properties":{},"geometry":{"type":"LineString","coordinates":[[8.6974466,50.0218268],[8.6974789,50.0218232]]}},
{"type":"Feature","properties":{},"geometry":{"type":"LineString","coordinates":[[8.6973893,50.0217304],[8.6974254,50.0217259]]}},
{"type":"Feature","properties":{},"geometry":{"type":"LineString","coordinates":[[8.6975019,50.0217157],[8.6974472,50.021723]]}},
{"type":"Feature","properties":{},"geometry":{"type":"LineString","coordinates":[[8.6974281,50.0217321],[8.6974242,50.0217205],[8.6974188,50.021705]]}},
{"type":"Feature","properties":{},"geometry":{"type":"LineString","coordinates":[[8.6974524,50.0217423],[8.6974441,50.0217174],[8.6974391,50.0217021]]}},
{"type":"Feature","properties":{},"geometry":{"type":"LineString","coordinates":[[8.6976918,50.0216871],[8.6977678,50.021678]]}},
{"type":"Feature","properties":{},"geometry":{"type":"LineString","coordinates":[[8.6964362,50.0218058],[8.6964997,50.0217963]]}},
{"type":"Feature","properties":{},"geometry":{"type":"LineString","coordinates":[[8.6966189,50.0217831],[8.696684,50.0217738]]}},
{"type":"Feature","properties":{},"geometry":{"type":"LineString","coordinates":[[8.6967156,50.0217704],[8.6967825,50.0217604]]}},
{"type":"Feature","properties":{},"geometry":{"type":"LineString","coordinates":[[8.6976102,50.0216425],[8.6977245,50.0216252]]}},
{"type":"Feature","properties":{},"geometry":{"type":"LineString","coordinates":[[8.6974232,50.0213058],[8.697455,50.0213445]]}},
{"type":"Feature","properties":{},"geometry":{"type":"LineString","coordinates":[[8.6974991,50.0213961],[8.6974715,50.0213626]]}},
{"type":"Feature","properties":{},"geometry":{"type":"LineString","coordinates":[[8.6967384,50.0211224],[8.6967854,50.0211135]]}},
{"type":"Feature","properties":{},"geometry":{"type":"LineString","coordinates":[[8.6963856,50.021182],[8.6964308,50.0211732]]}},
{"type":"Feature","properties":{},"geometry":{"type":"LineString","coordinates":[[8.6961455,50.0212383],[8.6962724,50.0212164]]}},
{"type":"Feature","properties":{},"geometry":{"type":"LineString","coordinates":[[8.6959574,50.0212517],[8.6960236,50.0212412]]}},
{"type":"Feature","properties":{},"geometry":{"type":"LineString","coordinates":[[8.6959274,50.0211737],[8.6959683,50.0211661]]}},
{"type":"Feature","properties":{},"geometry":{"type":"LineString","coordinates":[[8.6960141,50.0211583],[8.6959877,50.0211627]]}},
{"type":"Feature","properties":{},"geometry":{"type":"LineString","coordinates":[[8.695985,50.0211557],[8.6959877,50.0211627],[8.6959889,50.0211659],[8.6959914,50.0211725]]}},
{"type":"Feature","properties":{},"geometry":{"type":"LineString","coordinates":[[8.6959635,50.021153],[8.6959683,50.0211661],[8.6959695,50.0211692],[8.6959717,50.021175]]}},
{"type":"Feature","properties":{},"geometry":{"type":"LineString","coordinates":[[8.6961682,50.0211105],[8.6961956,50.0211058]]}},
{"type":"Feature","properties":{},"geometry":{"type":"LineString","coordinates":[[8.6962473,50.0210974],[8.6962224,50.0211015]]}},
{"type":"Feature","properties":{},"geometry":{"type":"LineString","coordinates":[[8.6963208,50.0211115],[8.6963606,50.021104]]}},
{"type":"Feature","properties":{},"geometry":{"type":"LineString","coordinates":[[8.6965338,50.0210561],[8.6965393,50.0210693],[8.6965423,50.0210766]]}},
{"type":"Feature","properties":{},"geometry":{"type":"LineString","coordinates":[[8.6965541,50.02106],[8.6965566,50.0210663],[8.6965567,50.0210666],[8.6965594,50.0210732]]}},
{"type":"Feature","properties":{},"geometry":{"type":"LineString","coordinates":[[8.6965022,50.0210763],[8.6965393,50.0210693]]}},
{"type":"Feature","properties":{},"geometry":{"type":"LineString","coordinates":[[8.6965795,50.0210629],[8.6965567,50.0210666]]}},
{"type":"Feature","properties":{},"geometry":{"type":"LineString","coordinates":[[8.6971386,50.0209697],[8.6972162,50.020956]]}},
{"type":"Feature","properties":{},"geometry":{"type":"LineString","coordinates":[[8.6970571,50.0207312],[8.6970899,50.0207746]]}},
{"type":"Feature","properties":{},"geometry":{"type":"LineString","coordinates":[[8.6968527,50.0204291],[8.6968759,50.0204601]]}},
{"type":"Feature","properties":{},"geometry":{"type":"LineString","coordinates":[[8.6965713,50.0200417],[8.6966061,50.0200918]]}},
{"type":"Feature","properties":{},"geometry":{"type":"LineString","coordinates":[[8.6978975,50.0229845],[8.6979403,50.0230288]]}},
{"type":"Feature","properties":{},"geometry":{"type":"LineString","coordinates":[[8.6981047,50.0228751],[8.6981145,50.0228714],[8.6981153,50.0228711],[8.698134,50.0228639]]}},
{"type":"Feature","properties":{},"geometry":{"type":"LineString","coordinates":[[8.6981373,50.0228747],[8.6981237,50.0228801],[8.6981224,50.0228806],[8.698113,50.0228844]]}},
{"type":"Feature","properties":{},"geometry":{"type":"LineString","coordinates":[[8.6981033,50.0228594],[8.6981145,50.0228714]]}},
{"type":"Feature","properties":{},"geometry":{"type":"LineString","coordinates":[[8.6981433,50.0229024],[8.6981224,50.0228806]]}},
{"type":"Feature","properties":{},"geometry":{"type":"LineString","coordinates":[[8.6970094,50.0238737],[8.6970119,50.0238938],[8.6970121,50.0238956],[8.6970143,50.0239139]]}},
{"type":"Feature","properties":{},"geometry":{"type":"LineString","coordinates":[[8.6970254,50.0238676],[8.6970284,50.023893],[8.6970285,50.0238947],[8.6970306,50.0239122]]}},
{"type":"Feature","properties":{},"geometry":{"type":"LineString","coordinates":[[8.6969525,50.0238991],[8.6970121,50.0238956]]}},
{"type":"Feature","properties":{},"geometry":{"type":"LineString","coordinates":[[8.6970618,50.0238932],[8.6970285,50.0238947]]}},
{"type":"Feature","properties":{},"geometry":{"type":"LineString","coordinates":[[8.6978821,50.0227901],[8.6978579,50.0227658],[8.6978511,50.0227591]]}},
{"type":"Feature","properties":{},"geometry":{"type":"LineString","coordinates":[[8.6978066,50.0227871],[8.6978579,50.0227658]]}},
{"type":"Feature","properties":{},"geometry":{"type":"LineString","coordinates":[[8.6979054,50.0227457],[8.6978739,50.0227585]]}},
{"type":"Feature","properties":{},"geometry":{"type":"LineString","coordinates":[[8.6964873,50.023884],[8.6965605,50.023885]]}},
{"type":"Feature","properties":{},"geometry":{"type":"LineString","coordinates":[[8.6963238,50.0238882],[8.6964217,50.0238885]]}},
{"type":"Feature","properties":{},"geometry":{"type":"LineString","coordinates":[[8.6960886,50.0238835],[8.696157,50.0238834]]}},
{"type":"Feature","properties":{},"geometry":{"type":"LineString","coordinates":[[8.6959506,50.0238102],[8.6959506,50.0238159],[8.6959505,50.0238254],[8.6959503,50.0238594]]}},
{"type":"Feature","properties":{},"geometry":{"type":"LineString","coordinates":[[8.6959082,50.0238153],[8.6959506,50.0238159]]}},
{"type":"Feature","properties":{},"geometry":{"type":"LineString","coordinates":[[8.696004,50.0238165],[8.6959741,50.0238163]]}},
{"type":"Feature","properties":{},"geometry":{"type":"LineString","coordinates":[[8.6971518,50.0236462],[8.6971461,50.0236228]]}},
{"type":"Feature","properties":{},"geometry":{"type":"LineString","coordinates":[[8.6974787,50.0219021],[8.6975099,50.0219021],[8.6975195,50.021902],[8.6975226,50.021902]]}},
{"type":"Feature","properties":{},"geometry":{"type":"LineString","coordinates":[[8.6975065,50.0218604],[8.6975094,50.0218941]]}},
{"type":"Feature","properties":{},"geometry":{"type":"LineString","coordinates":[[8.6975128,50.0219351],[8.6975099,50.0219021]]}},
{"type":"Feature","properties":{},"geometry":{"type":"LineString","coordinates":[[8.6967398,50.0221634],[8.6967963,50.0221627]]}},
{"type":"Feature","properties":{},"geometry":{"type":"LineString","coordinates":[[8.6969692,50.0229402],[8.6969762,50.0229643]]}},
{"type":"Feature","properties":{},"geometry":{"type":"LineString","coordinates":[[8.6967891,50.0223373],[8.6967966,50.0223642]]}},
{"type":"Feature","properties":{},"geometry":{"type":"LineString","coordinates":[[8.6968196,50.0221151],[8.6968205,50.0221474]]}},
{"type":"Feature","properties":{},"geometry":{"type":"LineString","coordinates":[[8.6968211,50.0221675],[8.6968205,50.0221517]]}},
{"type":"Feature","properties":{},"geometry":{"type":"LineString","coordinates":[[8.6970954,50.020961],[8.6971337,50.020955]]}},
{"type":"Feature","properties":{},"geometry":{"type":"LineString","coordinates":[[8.6967964,50.0224884],[8.6967854,50.0224505]]}},
{"type":"Feature","properties":{},"geometry":{"type":"LineString","coordinates":[[8.6956245,50.0229204],[8.6956245,50.0229577]]}},
{"type":"Feature","properties":{},"geometry":{"type":"LineString","coordinates":[[8.6983384,50.0229153],[8.6983309,50.0229154],[8.6983233,50.0229154]]}},
{"type":"Feature","properties":{},"geometry":{"type":"LineString","coordinates":[[8.6981147,50.0227636],[8.6981433,50.0227971]]}},
{"type":"Feature","properties":{},"geometry":{"type":"LineString","coordinates":[[8.6981782,50.0228379],[8.6981501,50.0228052]]}},
{"type":"Feature","properties":{},"geometry":{"type":"LineString","coordinates":[[8.6971857,50.0231038],[8.6972042,50.0231313]]}},
{"type":"Feature","properties":{},"geometry":{"type":"LineString","coordinates":[[8.6972189,50.0231533],[8.6972082,50.0231382]]}},
{"type":"Feature","properties":{},"geometry":{"type":"LineString","coordinates":[[8.6969687,50.0231684],[8.6970119,50.0231834]]}},
{"type":"Feature","properties":{},"geometry":{"type":"LineString","coordinates":[[8.6970596,50.0232012],[8.6970252,50.0231878]]}},
{"type":"Feature","properties":{},"geometry":{"type":"LineString","coordinates":[[8.6968883,50.0232283],[8.6969091,50.0233077]]}},
{"type":"Feature","properties":{},"geometry":{"type":"LineString","coordinates":[[8.6969886,50.0232166],[8.6970084,50.0232916]]}},
{"type":"Feature","properties":{},"geometry":{"type":"LineString","coordinates":[[8.6968404,50.0233346],[8.6968971,50.0233276]]}},
{"type":"Feature","properties":{},"geometry":{"type":"LineString","coordinates":[[8.6969704,50.023319],[8.6969077,50.023326]]}},
{"type":"Feature","properties":{},"geometry":{"type":"LineString","coordinates":[[8.6969748,50.0233468],[8.6970339,50.0233392]]}},
{"type":"Feature","properties":{},"geometry":{"type":"LineString","coordinates":[[8.6970808,50.0233324],[8.6970447,50.0233373]]}},
{"type":"Feature","properties":{},"geometry":{"type":"LineString","coordinates":[[8.6970425,50.0235213],[8.6970808,50.0235166]]}},
{"type":"Feature","properties":{},"geometry":{"type":"LineString","coordinates":[[8.6971222,50.0235116],[8.6970931,50.0235151]]}},
{"type":"Feature","properties":{},"geometry":{"type":"LineString","coordinates":[[8.6968582,50.0234829],[8.6969389,50.023472]]}},
{"type":"Feature","properties":{},"geometry":{"type":"LineString","coordinates":[[8.6969882,50.0234654],[8.6969489,50.0234702]]}},
{"type":"Feature","properties":{},"geometry":{"type":"LineString","coordinates":[[8.6969159,50.0237091],[8.6970003,50.0237048]]}},
{"type":"Feature","properties":{},"geometry":{"type":"LineString","coordinates":[[8.6970588,50.023701],[8.6970107,50.0237035]]}},
{"type":"Feature","properties":{},"geometry":{"type":"LineString","coordinates":[[8.6970437,50.0238229],[8.6970359,50.023781]]}},
{"type":"Feature","properties":{},"geometry":{"type":"LineString","coordinates":[[8.6969719,50.0238395],[8.6970199,50.0238363]]}},
{"type":"Feature","properties":{},"geometry":{"type":"LineString","coordinates":[[8.6970895,50.0238317],[8.6970312,50.0238355]]}},
{"type":"Feature","properties":{},"geometry":{"type":"LineString","coordinates":[[8.6965025,50.0232288],[8.6965427,50.0232262]]}},
{"type":"Feature","properties":{},"geometry":{"type":"LineString","coordinates":[[8.6964107,50.0232333],[8.6964553,50.0232309]]}},
{"type":"Feature","properties":{},"geometry":{"type":"LineString","coordinates":[[8.696877,50.0230343],[8.6969481,50.0230261]]}},
{"type":"Feature","properties":{},"geometry":{"type":"LineString","coordinates":[[8.6970095,50.0230195],[8.6969608,50.0230248]]}},
{"type":"Feature","properties":{},"geometry":{"type":"LineString","coordinates":[[8.6969188,50.0229464],[8.6969263,50.022971]]}},
{"type":"Feature","properties":{},"geometry":{"type":"LineString","coordinates":[[8.6966242,50.0224743],[8.6966141,50.0224264]]}},
{"type":"Feature","properties":{},"geometry":{"type":"LineString","coordinates":[[8.6967476,50.0223418],[8.6967551,50.0223686]]}},
{"type":"Feature","properties":{},"geometry":{"type":"LineString","coordinates":[[8.6971163,50.0217634],[8.6971702,50.0217562]]}},
{"type":"Feature","properties":{},"geometry":{"type":"LineString","coordinates":[[8.6977957,50.0218559],[8.6978814,50.0218312]]}},
{"type":"Feature","properties":{},"geometry":{"type":"LineString","coordinates":[[8.6979585,50.0218088],[8.6978904,50.0218287]]}},
{"type":"Feature","properties":{},"geometry":{"type":"LineString","coordinates":[[8.6981094,50.0222819],[8.6982045,50.022253]]}},
{"type":"Feature","properties":{},"geometry":{"type":"LineString","coordinates":[[8.6982579,50.0222376],[8.6982098,50.0222511]]}},
{"type":"Feature","properties":{},"geometry":{"type":"LineString","coordinates":[[8.6983455,50.0224214],[8.6983,50.0224357],[8.6982865,50.02244],[8.698277,50.022443]]}},
{"type":"Feature","properties":{},"geometry":{"type":"LineString","coordinates":[[8.6983223,50.0224857],[8.6982945,50.0224502]]}},
{"type":"Feature","properties":{},"geometry":{"type":"LineString","coordinates":[[8.6982677,50.022419],[8.6982865,50.02244]]}},
{"type":"Feature","properties":{},"geometry":{"type":"LineString","coordinates":[[8.6983585,50.0225719],[8.6984282,50.0225499]]}},
{"type":"Feature","properties":{},"geometry":{"type":"LineString","coordinates":[[8.6985013,50.0225296],[8.6984363,50.0225479]]}},
{"type":"Feature","properties":{},"geometry":{"type":"LineString","coordinates":[[8.6966052,50.0223917],[8.6966112,50.0224112]]}},
{"type":"Feature","properties":{},"geometry":{"type":"LineString","coordinates":[[8.6966461,50.0224106],[8.6965958,50.0224123]]}},
{"type":"Feature","properties":{},"geometry":{"type":"LineString","coordinates":[[8.6957128,50.0218627],[8.6957213,50.0218915]]}},
{"type":"Feature","properties":{},"geometry":{"type":"LineString","coordinates":[[8.6957318,50.0219269],[8.6957229,50.0218972]]}},
{"type":"Feature","properties":{},"geometry":{"type":"LineString","coordinates":[[8.696142,50.0218499],[8.6962578,50.0218337]]}},
{"type":"Feature","properties":{},"geometry":{"type":"LineString","coordinates":[[8.6963102,50.0218235],[8.6963409,50.0218186]]}},
{"type":"Feature","properties":{},"geometry":{"type":"LineString","coordinates":[[8.6963937,50.021865],[8.6964285,50.0218598]]}},
{"type":"Feature","properties":{},"geometry":{"type":"LineString","coordinates":[[8.6965523,50.0217429],[8.6965626,50.0217746]]}},
{"type":"Feature","properties":{},"geometry":{"type":"LineString","coordinates":[[8.6965749,50.0218205],[8.6965641,50.0217808]]}},
{"type":"Feature","properties":{},"geometry":{"type":"LineString","coordinates":[[8.6973631,50.0216811],[8.6973976,50.0216762]]}},
{"type":"Feature","properties":{},"geometry":{"type":"LineString","coordinates":[[8.6970358,50.0216587],[8.6970546,50.0217055]]}},
{"type":"Feature","properties":{},"geometry":{"type":"LineString","coordinates":[[8.6970722,50.0217488],[8.6970573,50.0217131]]}},
{"type":"Feature","properties":{},"geometry":{"type":"LineString","coordinates":[[8.6975767,50.0215419],[8.6976458,50.0215205]]}},
{"type":"Feature","properties":{},"geometry":{"type":"LineString","coordinates":[[8.6977124,50.0215004],[8.6976544,50.0215179]]}},
{"type":"Feature","properties":{},"geometry":{"type":"LineString","coordinates":[[8.6973026,50.0212042],[8.6973852,50.0211778]]}},
{"type":"Feature","properties":{},"geometry":{"type":"LineString","coordinates":[[8.697455,50.0211559],[8.6973933,50.0211749]]}},
{"type":"Feature","properties":{},"geometry":{"type":"LineString","coordinates":[[8.6968613,50.0210552],[8.6968768,50.021086]]}},
{"type":"Feature","properties":{},"geometry":{"type":"LineString","coordinates":[[8.6968944,50.0211213],[8.6968808,50.0210924]]}},
{"type":"Feature","properties":{},"geometry":{"type":"LineString","coordinates":[[8.696535,50.021113],[8.6965481,50.0211413]]}},
{"type":"Feature","properties":{},"geometry":{"type":"LineString","coordinates":[[8.696559,50.0211662],[8.6965508,50.0211473]]}},
{"type":"Feature","properties":{},"geometry":{"type":"LineString","coordinates":[[8.6958204,50.0212365],[8.6958332,50.0212615]]}},
{"type":"Feature","properties":{},"geometry":{"type":"LineString","coordinates":[[8.6958454,50.0212828],[8.6958366,50.0212669]]}},
{"type":"Feature","properties":{},"geometry":{"type":"LineString","coordinates":[[8.6957329,50.0211557],[8.6957472,50.0211865]]}},
{"type":"Feature","properties":{},"geometry":{"type":"LineString","coordinates":[[8.6957621,50.0212173],[8.6957506,50.0211944]]}},
{"type":"Feature","properties":{},"geometry":{"type":"LineString","coordinates":[[8.6961349,50.0210891],[8.6961482,50.0211202]]}},
{"type":"Feature","properties":{},"geometry":{"type":"LineString","coordinates":[[8.6961601,50.0211464],[8.6961521,50.0211281]]}},
{"type":"Feature","properties":{},"geometry":{"type":"LineString","coordinates":[[8.6967773,50.0209655],[8.6967958,50.021011]]}},
{"type":"Feature","properties":{},"geometry":{"type":"LineString","coordinates":[[8.69681,50.0210442],[8.6967994,50.021018]]}},
{"type":"Feature","properties":{},"geometry":{"type":"LineString","coordinates":[[8.6969021,50.0206484],[8.6969677,50.0206295]]}},
{"type":"Feature","properties":{},"geometry":{"type":"LineString","coordinates":[[8.6970269,50.0206136],[8.696978,50.020627]]}},
{"type":"Feature","properties":{},"geometry":{"type":"LineString","coordinates":[[8.6990527,50.0233263],[8.6990799,50.0233181],[8.6990879,50.0233156],[8.699107,50.0233098]]}},
{"type":"Feature","properties":{},"geometry":{"type":"LineString","coordinates":[[8.6990619,50.0233414],[8.6990898,50.0233328],[8.6990981,50.0233302],[8.6991177,50.0233241]]}},
{"type":"Feature","properties":{},"geometry":{"type":"LineString","coordinates":[[8.6990598,50.0232781],[8.6990879,50.0233156]]}},
{"type":"Feature","properties":{},"geometry":{"type":"LineString","coordinates":[[8.6991208,50.023361],[8.6990981,50.0233302]]}},
{"type":"Feature","properties":{},"geometry":{"type":"LineString","coordinates":[[8.6990091,50.0234115],[8.6990584,50.0233965]]}},
{"type":"Feature","properties":{},"geometry":{"type":"LineString","coordinates":[[8.6991557,50.0233676],[8.6990839,50.023389]]}},
{"type":"Feature","properties":{},"geometry":{"type":"LineString","coordinates":[[8.6967821,50.0203242],[8.6968181,50.0203724]]}},
{"type":"Feature","properties":{},"geometry":{"type":"LineString","coordinates":[[8.6968743,50.0229332],[8.6968743,50.0229332],[8.6969136,50.0229276]]}},
{"type":"Feature","properties":{},"geometry":{"type":"LineString","coordinates":[[8.6969646,50.0229209],[8.6969297,50.0229256]]}},
{"type":"Feature","properties":{},"geometry":{"type":"LineString","coordinates":[[8.6956138,50.0227176],[8.6956138,50.0226745]]}},
{"type":"Feature","properties":{},"geometry":{"type":"LineString","coordinates":[[8.6955275,50.0227883],[8.6956244,50.0227882]]}},
{"type":"Feature","properties":{},"geometry":{"type":"LineString","coordinates":[[8.695702,50.022789],[8.6956392,50.0227884]]}},
{"type":"Feature","properties":{},"geometry":{"type":"LineString","coordinates":[[8.6981456,50.0227799],[8.6981741,50.0227691]]}},
{"type":"Feature","properties":{},"geometry":{"type":"LineString","coordinates":[[8.6965644,50.0232383],[8.6965606,50.0232131],[8.6965601,50.0232099],[8.6965594,50.0232047],[8.6965589,50.0232008]]}},
{"type":"Feature","properties":{},"geometry":{"type":"LineString","coordinates":[[8.6965146,50.0232072],[8.6965392,50.0232057]]}},
{"type":"Feature","properties":{},"geometry":{"type":"LineString","coordinates":[[8.6966113,50.0232013],[8.6965594,50.0232047]]}},
{"type":"Feature","properties":{},"geometry":{"type":"LineString","coordinates":[[8.6963489,50.0218392],[8.6963616,50.021878]]}},
{"type":"Feature","properties":{},"geometry":{"type":"LineString","coordinates":[[8.6963703,50.0219072],[8.6963644,50.0218869]]}},
{"type":"Feature","properties":{},"geometry":{"type":"LineString","coordinates":[[8.6970275,50.0230524],[8.6970335,50.0230738]]}},
{"type":"Feature","properties":{},"geometry":{"type":"LineString","coordinates":[[8.6970441,50.0231171],[8.6970354,50.0230808]]}},
{"type":"Feature","properties":{},"geometry":{"type":"LineString","coordinates":[[8.6956107,50.0229203],[8.6956105,50.0228789]]}},
{"type":"Feature","properties":{},"geometry":{"type":"LineString","coordinates":[[8.6984003,50.0225976],[8.6984138,50.0226159]]}},
{"type":"Feature","properties":{},"geometry":{"type":"LineString","coordinates":[[8.6984461,50.0226598],[8.6984178,50.0226212]]}},
{"type":"Feature","properties":{},"geometry":{"type":"LineString","coordinates":[[8.6982529,50.0222551],[8.6983027,50.0223223]]}},
{"type":"Feature","properties":{},"geometry":{"type":"LineString","coordinates":[[8.6956062,50.0221513],[8.6956361,50.0221518]]}},
{"type":"Feature","properties":{},"geometry":{"type":"LineString","coordinates":[[8.6956621,50.0221522],[8.6956456,50.0221519]]}},
{"type":"Feature","properties":{},"geometry":{"type":"LineString","coordinates":[[8.6955968,50.0220991],[8.6955974,50.0221634]]}},
{"type":"Feature","properties":{},"geometry":{"type":"LineString","coordinates":[[8.6965957,50.0223774],[8.6966321,50.0223737]]}},
{"type":"Feature","properties":{},"geometry":{"type":"LineString","coordinates":[[8.6966758,50.0223681],[8.6966495,50.0223714]]}},
{"type":"Feature","properties":{},"geometry":{"type":"LineString","coordinates":[[8.6983782,50.0224252],[8.6984233,50.0224892]]}},
{"type":"Feature","properties":{},"geometry":{"type":"LineString","coordinates":[[8.6966553,50.0221279],[8.6966985,50.0221235]]}},
{"type":"Feature","properties":{},"geometry":{"type":"LineString","coordinates":[[8.6967299,50.0221197],[8.6967071,50.0221222]]}},
{"type":"Feature","properties":{},"geometry":{"type":"LineString","coordinates":[[8.697294,50.0217078],[8.6973091,50.0217487]]}},
{"type":"Feature","properties":{},"geometry":{"type":"LineString","coordinates":[[8.6973219,50.0217813],[8.6973137,50.021758]]}},
{"type":"Feature","properties":{},"geometry":{"type":"LineString","coordinates":[[8.6976553,50.0216667],[8.6976715,50.0216999]]}},
{"type":"Feature","properties":{},"geometry":{"type":"LineString","coordinates":[[8.6976869,50.021732],[8.6976751,50.0217084]]}},
{"type":"Feature","properties":{},"geometry":{"type":"LineString","coordinates":[[8.6977726,50.0217573],[8.6978155,50.0217441]]}},
{"type":"Feature","properties":{},"geometry":{"type":"LineString","coordinates":[[8.6978661,50.0217289],[8.6978245,50.0217414]]}},
{"type":"Feature","properties":{},"geometry":{"type":"LineString","coordinates":[[8.69808,50.0221452],[8.698113,50.0221344]]}},
{"type":"Feature","properties":{},"geometry":{"type":"LineString","coordinates":[[8.6981676,50.0221167],[8.6981198,50.022132]]}},
{"type":"Feature","properties":{},"geometry":{"type":"LineString","coordinates":[[8.6956309,50.0219013],[8.6956308,50.0219303],[8.6956307,50.021946]]}},
{"type":"Feature","properties":{},"geometry":{"type":"LineString","coordinates":[[8.6955656,50.0219302],[8.6956308,50.0219303]]}},
{"type":"Feature","properties":{},"geometry":{"type":"LineString","coordinates":[[8.6956738,50.0219308],[8.6956471,50.0219307]]}},
{"type":"Feature","properties":{},"geometry":{"type":"LineString","coordinates":[[8.6961034,50.0218048],[8.6961155,50.0218372]]}},
{"type":"Feature","properties":{},"geometry":{"type":"LineString","coordinates":[[8.6961373,50.0218927],[8.6961177,50.0218424]]}},
{"type":"Feature","properties":{},"geometry":{"type":"LineString","coordinates":[[8.6976111,50.0216434],[8.6977272,50.0216268]]}},
{"type":"Feature","properties":{},"geometry":{"type":"LineString","coordinates":[[8.6956242,50.0219011],[8.6956242,50.0217524]]}},
{"type":"Feature","properties":{},"geometry":{"type":"LineString","coordinates":[[8.6956701,50.0212683],[8.6956785,50.0212875]]}},
{"type":"Feature","properties":{},"geometry":{"type":"LineString","coordinates":[[8.695688,50.0213074],[8.6956816,50.0212927]]}},
{"type":"Feature","properties":{},"geometry":{"type":"LineString","coordinates":[[8.6956062,50.0212981],[8.6956225,50.0212981],[8.6956265,50.0212982],[8.6956515,50.0212983]]}},
{"type":"Feature","properties":{},"geometry":{"type":"LineString","coordinates":[[8.6956533,50.0212917],[8.6956266,50.0212916],[8.6956227,50.0212916],[8.6956067,50.0212915]]}},
{"type":"Feature","properties":{},"geometry":{"type":"LineString","coordinates":[[8.6956222,50.0213184],[8.6956225,50.0212981]]}},
{"type":"Feature","properties":{},"geometry":{"type":"LineString","coordinates":[[8.6956222,50.0212783],[8.6956227,50.0212916]]}},
{"type":"Feature","properties":{},"geometry":{"type":"LineString","coordinates":[[8.6955815,50.0213356],[8.695643,50.0213362]]}},
{"type":"Feature","properties":{},"geometry":{"type":"LineString","coordinates":[[8.6956866,50.0213369],[8.6956541,50.0213365]]}},
{"type":"Feature","properties":{},"geometry":{"type":"LineString","coordinates":[[8.6972697,50.0210259],[8.6973221,50.0210179],[8.6973248,50.0210175],[8.6973424,50.0210148]]}},
{"type":"Feature","properties":{},"geometry":{"type":"LineString","coordinates":[[8.6972749,50.0210191],[8.6973204,50.0210123],[8.6973225,50.021012],[8.6973412,50.0210092]]}},
{"type":"Feature","properties":{},"geometry":{"type":"LineString","coordinates":[[8.6973099,50.0209907],[8.6973204,50.0210123]]}},
{"type":"Feature","properties":{},"geometry":{"type":"LineString","coordinates":[[8.6973325,50.0210424],[8.6973221,50.0210179]]}},
{"type":"Feature","properties":{},"geometry":{"type":"LineString","coordinates":[[8.6972749,50.0210191],[8.6972543,50.0209918],[8.6972406,50.0209736]]}},
{"type":"Feature","properties":{},"geometry":{"type":"LineString","coordinates":[[8.6971821,50.0210075],[8.6972438,50.0209942]]}},
{"type":"Feature","properties":{},"geometry":{"type":"LineString","coordinates":[[8.6973009,50.0209827],[8.6972543,50.0209918]]}},
{"type":"Feature","properties":{},"geometry":{"type":"LineString","coordinates":[[8.6966821,50.020341],[8.6967369,50.0203257]]}},
{"type":"Feature","properties":{},"geometry":{"type":"LineString","coordinates":[[8.6967968,50.0203094],[8.6967478,50.0203221]]}},
{"type":"Feature","properties":{},"geometry":{"type":"LineString","coordinates":[[8.6970536,50.0206777],[8.6970866,50.0207222]]}},
{"type":"Feature","properties":{},"geometry":{"type":"LineString","coordinates":[[8.6995287,50.0211921],[8.699584,50.0211855]]}},
{"type":"Feature","properties":{},"geometry":{"type":"LineString","coordinates":[[8.6995295,50.0212679],[8.6995069,50.0211871]]}},
{"type":"Feature","properties":{},"geometry":{"type":"LineString","coordinates":[[8.7009461,50.0210714],[8.7009288,50.0210882]]}},
{"type":"Feature","properties":{},"geometry":{"type":"LineString","coordinates":[[8.7009549,50.0210793],[8.7009751,50.0210584]]}},
{"type":"Feature","properties":{},"geometry":{"type":"LineString","coordinates":[[8.7009108,50.0211301],[8.7008969,50.0211432]]}},
{"type":"Feature","properties":{},"geometry":{"type":"LineString","coordinates":[[8.7008956,50.0211242],[8.7009163,50.0211027]]}},
{"type":"Feature","properties":{},"geometry":{"type":"LineString","coordinates":[[8.7011585,50.0208574],[8.701146,50.0208201],[8.7011415,50.0208065]]}},
{"type":"Feature","properties":{},"geometry":{"type":"LineString","coordinates":[[8.7011026,50.0208266],[8.701146,50.0208201]]}},
{"type":"Feature","properties":{},"geometry":{"type":"LineString","coordinates":[[8.7010055,50.0210259],[8.700988,50.0210434]]}},
{"type":"Feature","properties":{},"geometry":{"type":"LineString","coordinates":[[8.7011608,50.0209286],[8.7011407,50.0208609]]}},
{"type":"Feature","properties":{},"geometry":{"type":"LineString","coordinates":[[8.7011078,50.020797],[8.7011568,50.0207897]]}},
{"type":"Feature","properties":{},"geometry":{"type":"LineString","coordinates":[[8.7012077,50.0207823],[8.7011739,50.0207873]]}},
{"type":"Feature","properties":{},"geometry":{"type":"LineString","coordinates":[[8.701203,50.0208116],[8.7011713,50.0208161]]}},
{"type":"Feature","properties":{},"geometry":{"type":"LineString","coordinates":[[8.7011935,50.0208492],[8.7011739,50.0207873],[8.7011695,50.0207737]]}},
{"type":"Feature","properties":{},"geometry":{"type":"LineString","coordinates":[[8.7013287,50.0216424],[8.7013561,50.02159]]}},
{"type":"Feature","properties":{},"geometry":{"type":"LineString","coordinates":[[8.7014702,50.0219233],[8.7014708,50.0219634]]}},
{"type":"Feature","properties":{},"geometry":{"type":"LineString","coordinates":[[8.7013983,50.0209453],[8.7013749,50.0209309]]}},
{"type":"Feature","properties":{},"geometry":{"type":"LineString","coordinates":[[8.7015193,50.0210157],[8.7015474,50.021032]]}},
{"type":"Feature","properties":{},"geometry":{"type":"LineString","coordinates":[[8.6994349,50.02315],[8.6994209,50.0231542]]}},
{"type":"Feature","properties":{},"geometry":{"type":"LineString","coordinates":[[8.6994478,50.0232511],[8.6994794,50.0232408]]}},
{"type":"Feature","properties":{},"geometry":{"type":"LineString","coordinates":[[8.6994116,50.0231118],[8.6993946,50.0231114]]}},
{"type":"Feature","properties":{},"geometry":{"type":"LineString","coordinates":[[8.699385,50.0231668],[8.6994146,50.0231568]]}},
{"type":"Feature","properties":{},"geometry":{"type":"LineString","coordinates":[[8.6995123,50.0232306],[8.6994873,50.0232387]]}},
{"type":"Feature","properties":{},"geometry":{"type":"LineString","coordinates":[[8.7006331,50.0234783],[8.7007102,50.0234589]]}},
{"type":"Feature","properties":{},"geometry":{"type":"LineString","coordinates":[[8.7002246,50.0235774],[8.7002921,50.0235571]]}},
{"type":"Feature","properties":{},"geometry":{"type":"LineString","coordinates":[[8.6982629,50.022081],[8.698228,50.0220351]]}},
{"type":"Feature","properties":{},"geometry":{"type":"LineString","coordinates":[[8.7008323,50.0234209],[8.7008871,50.0234099]]}},
{"type":"Feature","properties":{},"geometry":{"type":"LineString","coordinates":[[8.7019587,50.0226307],[8.7020203,50.0226211]]}},
{"type":"Feature","properties":{},"geometry":{"type":"LineString","coordinates":[[8.7024208,50.0216171],[8.7024614,50.021627]]}},
{"type":"Feature","properties":{},"geometry":{"type":"LineString","coordinates":[[8.7001287,50.023593],[8.7001935,50.0235723]]}},
{"type":"Feature","properties":{},"geometry":{"type":"LineString","coordinates":[[8.7023443,50.0231157],[8.7024327,50.0231027]]}},
{"type":"Feature","properties":{},"geometry":{"type":"LineString","coordinates":[[8.7027228,50.0212156],[8.7026982,50.0212066]]}},
{"type":"Feature","properties":{},"geometry":{"type":"LineString","coordinates":[[8.7016136,50.0217911],[8.7016208,50.0217676]]}},
{"type":"Feature","properties":{},"geometry":{"type":"LineString","coordinates":[[8.7027155,50.0214169],[8.7027758,50.0213472]]}},
{"type":"Feature","properties":{},"geometry":{"type":"LineString","coordinates":[[8.7026315,50.0211844],[8.7026705,50.0211977]]}},
{"type":"Feature","properties":{},"geometry":{"type":"LineString","coordinates":[[8.6994196,50.0219397],[8.6994117,50.0220166]]}},
{"type":"Feature","properties":{},"geometry":{"type":"LineString","coordinates":[[8.6993555,50.0231106],[8.6993873,50.0231115]]}},
{"type":"Feature","properties":{},"geometry":{"type":"LineString","coordinates":[[8.701833,50.0213556],[8.7018019,50.0213996]]}},
{"type":"Feature","properties":{},"geometry":{"type":"LineString","coordinates":[[8.7012073,50.0208567],[8.7012905,50.0207934]]}},
{"type":"Feature","properties":{},"geometry":{"type":"LineString","coordinates":[[8.6983717,50.0222307],[8.6983309,50.0221768]]}},
{"type":"Feature","properties":{},"geometry":{"type":"LineString","coordinates":[[8.6986054,50.0225377],[8.6985697,50.0224908]]}},
{"type":"Feature","properties":{},"geometry":{"type":"LineString","coordinates":[[8.6979137,50.0216201],[8.6979482,50.0216665]]}},
{"type":"Feature","properties":{},"geometry":{"type":"LineString","coordinates":[[8.698125,50.021906],[8.6980796,50.0218493]]}},
{"type":"Feature","properties":{},"geometry":{"type":"LineString","coordinates":[[8.7005805,50.0225322],[8.700642,50.0225546]]}},
{"type":"Feature","properties":{},"geometry":{"type":"LineString","coordinates":[[8.7007924,50.0226111],[8.7007262,50.0225868]]}},
{"type":"Feature","properties":{},"geometry":{"type":"LineString","coordinates":[[8.6997988,50.0222474],[8.6998607,50.0222698]]}},
{"type":"Feature","properties":{},"geometry":{"type":"LineString","coordinates":[[8.7001803,50.0223623],[8.7001134,50.0223373]]}},
{"type":"Feature","properties":{},"geometry":{"type":"LineString","coordinates":[[8.7000978,50.0223724],[8.7001526,50.0223921]]}},
{"type":"Feature","properties":{},"geometry":{"type":"LineString","coordinates":[[8.7001946,50.0224071],[8.7001668,50.022397]]}},
{"type":"Feature","properties":{},"geometry":{"type":"LineString","coordinates":[[8.7013956,50.0226783],[8.7013404,50.0226584]]}},
{"type":"Feature","properties":{},"geometry":{"type":"LineString","coordinates":[[8.6991007,50.0225109],[8.6992333,50.0224488]]}},
{"type":"Feature","properties":{},"geometry":{"type":"LineString","coordinates":[[8.6994276,50.0231571],[8.699448,50.0231502],[8.69946,50.0231462]]}},
{"type":"Feature","properties":{},"geometry":{"type":"LineString","coordinates":[[8.6994407,50.0231414],[8.699448,50.0231502]]}},
{"type":"Feature","properties":{},"geometry":{"type":"LineString","coordinates":[[8.6994178,50.0230716],[8.6994366,50.0230948]]}},
{"type":"Feature","properties":{},"geometry":{"type":"LineString","coordinates":[[8.6994569,50.0231198],[8.6994451,50.0231059]]}},
{"type":"Feature","properties":{},"geometry":{"type":"LineString","coordinates":[[8.7017846,50.0228491],[8.7018195,50.0229267]]}},
{"type":"Feature","properties":{},"geometry":{"type":"LineString","coordinates":[[8.699642,50.0234114],[8.6995877,50.0233395]]}},
{"type":"Feature","properties":{},"geometry":{"type":"LineString","coordinates":[[8.6997696,50.0227438],[8.6998418,50.0227203]]}},
{"type":"Feature","properties":{},"geometry":{"type":"LineString","coordinates":[[8.7028037,50.0214456],[8.7027763,50.021498]]}},
{"type":"Feature","properties":{},"geometry":{"type":"LineString","coordinates":[[8.7014252,50.0217912],[8.7014253,50.0217482]]}},
{"type":"Feature","properties":{},"geometry":{"type":"LineString","coordinates":[[8.7005959,50.022701],[8.7006462,50.0227155]]}},
{"type":"Feature","properties":{},"geometry":{"type":"LineString","coordinates":[[8.7019144,50.020545],[8.7019914,50.0204578]]}},
{"type":"Feature","properties":{},"geometry":{"type":"LineString","coordinates":[[8.7005735,50.0214297],[8.7005373,50.0214678]]}},
{"type":"Feature","properties":{},"geometry":{"type":"LineString","coordinates":[[8.7003776,50.0216953],[8.7003442,50.0217313]]}},
{"type":"Feature","properties":{},"geometry":{"type":"LineString","coordinates":[[8.7016035,50.0213525],[8.7016271,50.0213096]]}},
{"type":"Feature","properties":{},"geometry":{"type":"LineString","coordinates":[[8.7010779,50.0208256],[8.7010255,50.0208827]]}},
{"type":"Feature","properties":{},"geometry":{"type":"LineString","coordinates":[[8.700036,50.021964],[8.6999988,50.0220037]]}},
{"type":"Feature","properties":{},"geometry":{"type":"LineString","coordinates":[[8.6998545,50.0213857],[8.6998729,50.0213653]]}},
{"type":"Feature","properties":{},"geometry":{"type":"LineString","coordinates":[[8.7002978,50.0217611],[8.7003288,50.0217253]]}},
{"type":"Feature","properties":{},"geometry":{"type":"LineString","coordinates":[[8.7002606,50.0218528],[8.7002276,50.0218878]]}},
{"type":"Feature","properties":{},"geometry":{"type":"LineString","coordinates":[[8.701588,50.0232757],[8.7015325,50.0232884]]}},
{"type":"Feature","properties":{},"geometry":{"type":"LineString","coordinates":[[8.7020256,50.0228859],[8.7020526,50.02288],[8.7020706,50.0228761]]}},
{"type":"Feature","properties":{},"geometry":{"type":"LineString","coordinates":[[8.7016097,50.0232397],[8.7016832,50.0232226]]}},
{"type":"Feature","properties":{},"geometry":{"type":"LineString","coordinates":[[8.7014773,50.0233021],[8.7015089,50.0232949]]}},
{"type":"Feature","properties":{},"geometry":{"type":"LineString","coordinates":[[8.7024905,50.0228684],[8.7024481,50.0229006]]}},
{"type":"Feature","properties":{},"geometry":{"type":"LineString","coordinates":[[8.7025671,50.0228197],[8.7025974,50.0227971]]}},
{"type":"Feature","properties":{},"geometry":{"type":"LineString","coordinates":[[8.7020526,50.02288],[8.7020286,50.0228317]]}},
{"type":"Feature","properties":{},"geometry":{"type":"LineString","coordinates":[[8.7023034,50.0231373],[8.7023495,50.0231316]]}},
{"type":"Feature","properties":{},"geometry":{"type":"LineString","coordinates":[[8.7024245,50.0220314],[8.702442,50.0220331],[8.7024595,50.0220348]]}},
{"type":"Feature","properties":{},"geometry":{"type":"LineString","coordinates":[[8.7024321,50.0220694],[8.702442,50.0220331]]}},
{"type":"Feature","properties":{},"geometry":{"type":"LineString","coordinates":[[8.7020941,50.0226149],[8.7021224,50.0226103]]}},
{"type":"Feature","properties":{},"geometry":{"type":"LineString","coordinates":[[8.7022185,50.0225962],[8.7021567,50.022605]]}},
{"type":"Feature","properties":{},"geometry":{"type":"LineString","coordinates":[[8.7018678,50.0220541],[8.7018714,50.0220323]]}},
{"type":"Feature","properties":{},"geometry":{"type":"LineString","coordinates":[[8.7019673,50.0217543],[8.7019822,50.0217201]]}},
{"type":"Feature","properties":{},"geometry":{"type":"LineString","coordinates":[[8.7018258,50.0222687],[8.7018267,50.0222421]]}},
{"type":"Feature","properties":{},"geometry":{"type":"LineString","coordinates":[[8.7019184,50.022058],[8.7018678,50.0220541],[8.7018288,50.0220512]]}},
{"type":"Feature","properties":{},"geometry":{"type":"LineString","coordinates":[[8.6994983,50.0231717],[8.6995316,50.023213]]}},
{"type":"Feature","properties":{},"geometry":{"type":"LineString","coordinates":[[8.6995649,50.0232553],[8.6995486,50.0232361]]}},
{"type":"Feature","properties":{},"geometry":{"type":"LineString","coordinates":[[8.699493,50.0232052],[8.6994631,50.0231694]]}},
{"type":"Feature","properties":{},"geometry":{"type":"LineString","coordinates":[[8.6995002,50.0232517],[8.6995486,50.0232361],[8.699562,50.0232317]]}},
{"type":"Feature","properties":{},"geometry":{"type":"LineString","coordinates":[[8.7000023,50.0231905],[8.7000208,50.0232124]]}},
{"type":"Feature","properties":{},"geometry":{"type":"LineString","coordinates":[[8.7000812,50.0232835],[8.7000741,50.0232856],[8.700067,50.0232877]]}},
{"type":"Feature","properties":{},"geometry":{"type":"LineString","coordinates":[[8.699587,50.0232986],[8.6996062,50.0233233]]}},
{"type":"Feature","properties":{},"geometry":{"type":"LineString","coordinates":[[8.699623,50.0233451],[8.6996144,50.0233332]]}},
{"type":"Feature","properties":{},"geometry":{"type":"LineString","coordinates":[[8.7009757,50.022943],[8.7010211,50.0229342],[8.7010345,50.0229317]]}},
{"type":"Feature","properties":{},"geometry":{"type":"LineString","coordinates":[[8.7009903,50.0228728],[8.7010211,50.0229342]]}},
{"type":"Feature","properties":{},"geometry":{"type":"LineString","coordinates":[[8.7000519,50.0232571],[8.7000741,50.0232856]]}},
{"type":"Feature","properties":{},"geometry":{"type":"LineString","coordinates":[[8.700091,50.0233085],[8.7000803,50.0232939]]}},
{"type":"Feature","properties":{},"geometry":{"type":"LineString","coordinates":[[8.7013437,50.0230129],[8.7014425,50.0229917]]}},
{"type":"Feature","properties":{},"geometry":{"type":"LineString","coordinates":[[8.7015163,50.022976],[8.7014835,50.0229822]]}},
{"type":"Feature","properties":{},"geometry":{"type":"LineString","coordinates":[[8.7010413,50.0229791],[8.7010282,50.0229531]]}},
{"type":"Feature","properties":{},"geometry":{"type":"LineString","coordinates":[[8.7014803,50.0229757],[8.7014835,50.0229822],[8.7014888,50.0229928]]}},
{"type":"Feature","properties":{},"geometry":{"type":"LineString","coordinates":[[8.7021583,50.0201142],[8.7021447,50.0201091]]}},
{"type":"Feature","properties":{},"geometry":{"type":"LineString","coordinates":[[8.7020092,50.020083],[8.7020503,50.0200977]]}},
{"type":"Feature","properties":{},"geometry":{"type":"LineString","coordinates":[[8.7021584,50.0201196],[8.7022018,50.0201344]]}},
{"type":"Feature","properties":{},"geometry":{"type":"LineString","coordinates":[[8.7020897,50.0200885],[8.7021348,50.0201058]]}},
{"type":"Feature","properties":{},"geometry":{"type":"LineString","coordinates":[[8.7015689,50.0204743],[8.7016077,50.0204865]]}},
{"type":"Feature","properties":{},"geometry":{"type":"LineString","coordinates":[[8.7016188,50.0204395],[8.70165,50.0204047]]}},
{"type":"Feature","properties":{},"geometry":{"type":"LineString","coordinates":[[8.7020827,50.0201089],[8.7020631,50.020102]]}},
{"type":"Feature","properties":{},"geometry":{"type":"LineString","coordinates":[[8.7018928,50.0200294],[8.7019305,50.0200426]]}},
{"type":"Feature","properties":{},"geometry":{"type":"LineString","coordinates":[[8.7007614,50.0212721],[8.7007488,50.0212864]]}},
{"type":"Feature","properties":{},"geometry":{"type":"LineString","coordinates":[[8.7007748,50.0212787],[8.7007939,50.0212577]]}},
{"type":"Feature","properties":{},"geometry":{"type":"LineString","coordinates":[[8.7007225,50.0212954],[8.7007378,50.0213011],[8.7007519,50.0213064],[8.7007661,50.0213117]]}},
{"type":"Feature","properties":{},"geometry":{"type":"LineString","coordinates":[[8.7007118,50.0213342],[8.7007378,50.0213011]]}},
{"type":"Feature","properties":{},"geometry":{"type":"LineString","coordinates":[[8.7008396,50.0211594],[8.7008195,50.021179]]}},
{"type":"Feature","properties":{},"geometry":{"type":"LineString","coordinates":[[8.700866,50.0211775],[8.7008846,50.0211584]]}},
{"type":"Feature","properties":{},"geometry":{"type":"LineString","coordinates":[[8.7008255,50.0212229],[8.7008063,50.0212427]]}},
{"type":"Feature","properties":{},"geometry":{"type":"LineString","coordinates":[[8.7007826,50.0212176],[8.7008052,50.0211954]]}},
{"type":"Feature","properties":{},"geometry":{"type":"LineString","coordinates":[[8.7025989,50.021023],[8.7025719,50.0210114]]}},
{"type":"Feature","properties":{},"geometry":{"type":"LineString","coordinates":[[8.7025561,50.0209899],[8.7026285,50.0209221]]}},
{"type":"Feature","properties":{},"geometry":{"type":"LineString","coordinates":[[8.7025211,50.0209929],[8.7025574,50.0210071]]}},
{"type":"Feature","properties":{},"geometry":{"type":"LineString","coordinates":[[8.7025754,50.0210075],[8.7025655,50.0210178],[8.7025605,50.021023]]}},
{"type":"Feature","properties":{},"geometry":{"type":"LineString","coordinates":[[8.7026297,50.0216457],[8.7025988,50.0217015]]}},
{"type":"Feature","properties":{},"geometry":{"type":"LineString","coordinates":[[8.7025241,50.0219178],[8.7025468,50.0218653]]}},
{"type":"Feature","properties":{},"geometry":{"type":"LineString","coordinates":[[8.7025974,50.0211515],[8.7026297,50.0211631]]}},
{"type":"Feature","properties":{},"geometry":{"type":"LineString","coordinates":[[8.7026675,50.0216295],[8.702654,50.0216518]]}},
{"type":"Feature","properties":{},"geometry":{"type":"LineString","coordinates":[[8.7028261,50.0201871],[8.7028521,50.0201549]]}},
{"type":"Feature","properties":{},"geometry":{"type":"LineString","coordinates":[[8.7021157,50.0203189],[8.70214,50.0202911]]}},
{"type":"Feature","properties":{},"geometry":{"type":"LineString","coordinates":[[8.7027183,50.0203193],[8.7027542,50.0202795]]}},
{"type":"Feature","properties":{},"geometry":{"type":"LineString","coordinates":[[8.7027429,50.0202649],[8.7027749,50.0202301]]}},
{"type":"Feature","properties":{},"geometry":{"type":"LineString","coordinates":[[8.7021608,50.0201416],[8.7021878,50.020151]]}},
{"type":"Feature","properties":{},"geometry":{"type":"LineString","coordinates":[[8.70225,50.0201723],[8.7022074,50.0201571]]}},
{"type":"Feature","properties":{},"geometry":{"type":"LineString","coordinates":[[8.7021353,50.0202807],[8.7021454,50.0202843],[8.702154,50.0202874],[8.7021626,50.0202905]]}},
{"type":"Feature","properties":{},"geometry":{"type":"LineString","coordinates":[[8.7021696,50.0202594],[8.7021454,50.0202843]]}},
{"type":"Feature","properties":{},"geometry":{"type":"LineString","coordinates":[[8.7015093,50.0220893],[8.7015087,50.0220563]]}},
{"type":"Feature","properties":{},"geometry":{"type":"LineString","coordinates":[[8.7009358,50.0226313],[8.7009815,50.0226479]]}},
{"type":"Feature","properties":{},"geometry":{"type":"LineString","coordinates":[[8.7014713,50.0220026],[8.7014707,50.0219714]]}},
{"type":"Feature","properties":{},"geometry":{"type":"LineString","coordinates":[[8.7015095,50.0219944],[8.7015092,50.0220314]]}},
{"type":"Feature","properties":{},"geometry":{"type":"LineString","coordinates":[[8.7002427,50.0218066],[8.7002727,50.0217734]]}},
{"type":"Feature","properties":{},"geometry":{"type":"LineString","coordinates":[[8.700441,50.0216326],[8.700467,50.021605]]}},
{"type":"Feature","properties":{},"geometry":{"type":"LineString","coordinates":[[8.7010359,50.0226688],[8.7010058,50.0226568]]}},
{"type":"Feature","properties":{},"geometry":{"type":"LineString","coordinates":[[8.7001616,50.021929],[8.7001854,50.0219002]]}},
{"type":"Feature","properties":{},"geometry":{"type":"LineString","coordinates":[[8.7000281,50.0219434],[8.7001549,50.0219912]]}},
{"type":"Feature","properties":{},"geometry":{"type":"LineString","coordinates":[[8.6999888,50.0211447],[8.7000253,50.0211041]]}},
{"type":"Feature","properties":{},"geometry":{"type":"LineString","coordinates":[[8.7005223,50.0215279],[8.7005539,50.0214942]]}},
{"type":"Feature","properties":{},"geometry":{"type":"LineString","coordinates":[[8.7002042,50.0219605],[8.7002157,50.0219888]]}},
{"type":"Feature","properties":{},"geometry":{"type":"LineString","coordinates":[[8.6995405,50.0212774],[8.699824,50.021388],[8.699824,50.021388]]}},
{"type":"Feature","properties":{},"geometry":{"type":"LineString","coordinates":[[8.6993222,50.0219846],[8.6993717,50.0219281]]}},
{"type":"Feature","properties":{},"geometry":{"type":"LineString","coordinates":[[8.7000439,50.0233039],[8.699984,50.0232257]]}},
{"type":"Feature","properties":{},"geometry":{"type":"LineString","coordinates":[[8.6995575,50.0233387],[8.6995213,50.0232901]]}},
{"type":"Feature","properties":{},"geometry":{"type":"LineString","coordinates":[[8.7014556,50.0230183],[8.7012979,50.023053]]}},
{"type":"Feature","properties":{},"geometry":{"type":"LineString","coordinates":[[8.7027069,50.0216393],[8.7027671,50.021524]]}},
{"type":"Feature","properties":{},"geometry":{"type":"LineString","coordinates":[[8.7021667,50.022635],[8.7022431,50.0226231]]}},
{"type":"Feature","properties":{},"geometry":{"type":"LineString","coordinates":[[8.7015994,50.0219071],[8.7015969,50.0219633]]}},
{"type":"Feature","properties":{},"geometry":{"type":"LineString","coordinates":[[8.7012693,50.0207916],[8.7012265,50.0207657]]}},
{"type":"Feature","properties":{},"geometry":{"type":"LineString","coordinates":[[8.7002523,50.0225871],[8.7002128,50.0226287]]}},
{"type":"Feature","properties":{},"geometry":{"type":"LineString","coordinates":[[8.7004239,50.0224749],[8.7004654,50.0224303]]}},
{"type":"Feature","properties":{},"geometry":{"type":"LineString","coordinates":[[8.6986315,50.0226619],[8.6986951,50.0226402]]}},
{"type":"Feature","properties":{},"geometry":{"type":"LineString","coordinates":[[8.6987694,50.0226145],[8.6987551,50.0226191],[8.6987237,50.0226293]]}},
{"type":"Feature","properties":{},"geometry":{"type":"LineString","coordinates":[[8.6987322,50.0225573],[8.6987676,50.022601]]}},
{"type":"Feature","properties":{},"geometry":{"type":"LineString","coordinates":[[8.6987933,50.0226314],[8.6987713,50.0226074]]}},
{"type":"Feature","properties":{},"geometry":{"type":"LineString","coordinates":[[8.6993126,50.0223403],[8.6993456,50.0223674]]}},
{"type":"Feature","properties":{},"geometry":{"type":"LineString","coordinates":[[8.6993708,50.0223874],[8.6993537,50.0223732]]}},
{"type":"Feature","properties":{},"geometry":{"type":"LineString","coordinates":[[8.6995812,50.022232],[8.6995719,50.0222843]]}},
{"type":"Feature","properties":{},"geometry":{"type":"LineString","coordinates":[[8.6995652,50.0223188],[8.6995696,50.0222919]]}},
{"type":"Feature","properties":{},"geometry":{"type":"LineString","coordinates":[[8.6998405,50.0223379],[8.69979,50.0223817]]}},
{"type":"Feature","properties":{},"geometry":{"type":"LineString","coordinates":[[8.6997489,50.0224146],[8.6997804,50.0223889]]}},
{"type":"Feature","properties":{},"geometry":{"type":"LineString","coordinates":[[8.7000915,50.0225368],[8.7001088,50.0225186]]}},
{"type":"Feature","properties":{},"geometry":{"type":"LineString","coordinates":[[8.7001463,50.0224776],[8.7001151,50.0225109]]}},
{"type":"Feature","properties":{},"geometry":{"type":"LineString","coordinates":[[8.6998875,50.0223873],[8.6999295,50.0223437]]}},
{"type":"Feature","properties":{},"geometry":{"type":"LineString","coordinates":[[8.6999578,50.0223134],[8.6999352,50.0223365]]}},
{"type":"Feature","properties":{},"geometry":{"type":"LineString","coordinates":[[8.7001439,50.0226094],[8.7001615,50.0226284]]}},
{"type":"Feature","properties":{},"geometry":{"type":"LineString","coordinates":[[8.7002039,50.0226707],[8.7001687,50.0226349]]}},
{"type":"Feature","properties":{},"geometry":{"type":"LineString","coordinates":[[8.700038,50.0227192],[8.7001027,50.0226914]]}},
{"type":"Feature","properties":{},"geometry":{"type":"LineString","coordinates":[[8.6996981,50.0228388],[8.6996795,50.0228149],[8.6996739,50.0228076],[8.6996656,50.0227969]]}},
{"type":"Feature","properties":{},"geometry":{"type":"LineString","coordinates":[[8.6996192,50.0228351],[8.6996494,50.0228246]]}},
{"type":"Feature","properties":{},"geometry":{"type":"LineString","coordinates":[[8.6997231,50.0227995],[8.6996795,50.0228149]]}},
{"type":"Feature","properties":{},"geometry":{"type":"LineString","coordinates":[[8.6995872,50.0228948],[8.6995754,50.0228815]]}},
{"type":"Feature","properties":{},"geometry":{"type":"LineString","coordinates":[[8.6995527,50.0228546],[8.6995697,50.0228744]]}},
{"type":"Feature","properties":{},"geometry":{"type":"LineString","coordinates":[[8.6993821,50.0229219],[8.6994333,50.022905]]}},
{"type":"Feature","properties":{},"geometry":{"type":"LineString","coordinates":[[8.6997309,50.0228587],[8.6997642,50.0229011]]}},
{"type":"Feature","properties":{},"geometry":{"type":"LineString","coordinates":[[8.6996303,50.0228777],[8.6996401,50.022889]]}},
{"type":"Feature","properties":{},"geometry":{"type":"LineString","coordinates":[[8.6996715,50.0229284],[8.6996456,50.0228954]]}},
{"type":"Feature","properties":{},"geometry":{"type":"LineString","coordinates":[[8.6994373,50.0230094],[8.6994323,50.0230026],[8.6994304,50.023],[8.6994242,50.0229916],[8.6993964,50.0229541]]}},
{"type":"Feature","properties":{},"geometry":{"type":"LineString","coordinates":[[8.6993952,50.0229679],[8.6994151,50.0229946],[8.6994213,50.0230029],[8.6994232,50.0230056],[8.6994302,50.0230149]]}},
{"type":"Feature","properties":{},"geometry":{"type":"LineString","coordinates":[[8.6994004,50.0229994],[8.6994151,50.0229946]]}},
{"type":"Feature","properties":{},"geometry":{"type":"LineString","coordinates":[[8.6994642,50.0229795],[8.6994242,50.0229916]]}},
{"type":"Feature","properties":{},"geometry":{"type":"LineString","coordinates":[[8.6993653,50.0230415],[8.6993911,50.0230417]]}},
{"type":"Feature","properties":{},"geometry":{"type":"LineString","coordinates":[[8.6994529,50.0230424],[8.6994021,50.0230418]]}},
{"type":"Feature","properties":{},"geometry":{"type":"LineString","coordinates":[[8.6993662,50.023156],[8.6994041,50.0231432]]}},
{"type":"Feature","properties":{},"geometry":{"type":"LineString","coordinates":[[8.6994331,50.0231338],[8.6994152,50.0231395]]}},
{"type":"Feature","properties":{},"geometry":{"type":"LineString","coordinates":[[8.6999161,50.0231478],[8.6999334,50.0231426]]}},
{"type":"Feature","properties":{},"geometry":{"type":"LineString","coordinates":[[8.6999699,50.023132],[8.6999437,50.0231396]]}},
{"type":"Feature","properties":{},"geometry":{"type":"LineString","coordinates":[[8.7003096,50.0226274],[8.7003542,50.0225732],[8.7003611,50.0225649]]}},
{"type":"Feature","properties":{},"geometry":{"type":"LineString","coordinates":[[8.7003733,50.0226099],[8.7003928,50.0225853],[8.7003944,50.0225833],[8.7004023,50.0225733]]}},
{"type":"Feature","properties":{},"geometry":{"type":"LineString","coordinates":[[8.7003107,50.02256],[8.7003542,50.0225732]]}},
{"type":"Feature","properties":{},"geometry":{"type":"LineString","coordinates":[[8.7004594,50.022602],[8.7003944,50.0225833]]}},
{"type":"Feature","properties":{},"geometry":{"type":"LineString","coordinates":[[8.7004471,50.022715],[8.700489,50.022661]]}},
{"type":"Feature","properties":{},"geometry":{"type":"LineString","coordinates":[[8.7005163,50.0226244],[8.7004938,50.022653]]}},
{"type":"Feature","properties":{},"geometry":{"type":"LineString","coordinates":[[8.7006105,50.0227685],[8.700627,50.022744],[8.7006457,50.0227161],[8.7006462,50.0227155],[8.7006686,50.022682]]}},
{"type":"Feature","properties":{},"geometry":{"type":"LineString","coordinates":[[8.7008291,50.0228114],[8.700855,50.0227517]]}},
{"type":"Feature","properties":{},"geometry":{"type":"LineString","coordinates":[[8.700879,50.022701],[8.7008585,50.0227428]]}},
{"type":"Feature","properties":{},"geometry":{"type":"LineString","coordinates":[[8.7009332,50.0228481],[8.7010065,50.022837]]}},
{"type":"Feature","properties":{},"geometry":{"type":"LineString","coordinates":[[8.701037,50.0228319],[8.7010193,50.0228352]]}},
{"type":"Feature","properties":{},"geometry":{"type":"LineString","coordinates":[[8.7011439,50.0230804],[8.7010579,50.0230974],[8.7010505,50.0230988],[8.7010375,50.0231014]]}},
{"type":"Feature","properties":{},"geometry":{"type":"LineString","coordinates":[[8.7010934,50.023115],[8.7010627,50.0231213],[8.701049,50.0231241]]}},
{"type":"Feature","properties":{},"geometry":{"type":"LineString","coordinates":[[8.7010934,50.023115],[8.7011157,50.0231594],[8.7011208,50.0231695]]}},
{"type":"Feature","properties":{},"geometry":{"type":"LineString","coordinates":[[8.7011563,50.0231029],[8.7011785,50.023147],[8.7011849,50.0231597]]}},
{"type":"Feature","properties":{},"geometry":{"type":"LineString","coordinates":[[8.7010222,50.0230543],[8.7010505,50.0230988]]}},
{"type":"Feature","properties":{},"geometry":{"type":"LineString","coordinates":[[8.7010791,50.0231487],[8.7010627,50.0231213]]}},
{"type":"Feature","properties":{},"geometry":{"type":"LineString","coordinates":[[8.7011157,50.0231594],[8.7011785,50.023147]]}},
{"type":"Feature","properties":{},"geometry":{"type":"LineString","coordinates":[[8.7013265,50.0228121],[8.7013269,50.0227899]]}},
{"type":"Feature","properties":{},"geometry":{"type":"LineString","coordinates":[[8.7013288,50.0227327],[8.7013264,50.0227813]]}},
{"type":"Feature","properties":{},"geometry":{"type":"LineString","coordinates":[[8.7014244,50.0227671],[8.7016806,50.0227471]]}},
{"type":"Feature","properties":{},"geometry":{"type":"LineString","coordinates":[[8.7017134,50.0228075],[8.701736,50.0227867]]}},
{"type":"Feature","properties":{},"geometry":{"type":"LineString","coordinates":[[8.7017881,50.0227349],[8.7017472,50.0227738]]}},
{"type":"Feature","properties":{},"geometry":{"type":"LineString","coordinates":[[8.7018132,50.0228714],[8.7018354,50.0228673]]}},
{"type":"Feature","properties":{},"geometry":{"type":"LineString","coordinates":[[8.7019115,50.0228556],[8.7018472,50.0228655]]}},
{"type":"Feature","properties":{},"geometry":{"type":"LineString","coordinates":[[8.7018352,50.0228397],[8.7018529,50.0228359],[8.7018707,50.0228319],[8.7018877,50.0228284]]}},
{"type":"Feature","properties":{},"geometry":{"type":"LineString","coordinates":[[8.7018707,50.0228319],[8.701857,50.0228049]]}},
{"type":"Feature","properties":{},"geometry":{"type":"LineString","coordinates":[[8.7018426,50.0230227],[8.701901,50.0230114]]}},
{"type":"Feature","properties":{},"geometry":{"type":"LineString","coordinates":[[8.7019987,50.0229931],[8.7019118,50.0230089]]}},
{"type":"Feature","properties":{},"geometry":{"type":"LineString","coordinates":[[8.7019551,50.0227736],[8.7020249,50.0227556],[8.702039,50.022752]]}},
{"type":"Feature","properties":{},"geometry":{"type":"LineString","coordinates":[[8.7020249,50.0227556],[8.7020638,50.0228226]]}},
{"type":"Feature","properties":{},"geometry":{"type":"LineString","coordinates":[[8.7020466,50.0228278],[8.7020286,50.0228317],[8.7020034,50.0228371]]}},
{"type":"Feature","properties":{},"geometry":{"type":"LineString","coordinates":[[8.7019503,50.0229605],[8.70204,50.0229407]]}},
{"type":"Feature","properties":{},"geometry":{"type":"LineString","coordinates":[[8.7020875,50.0229291],[8.7020508,50.0229375]]}},
{"type":"Feature","properties":{},"geometry":{"type":"LineString","coordinates":[[8.702265,50.023175],[8.7022568,50.0231481],[8.7022435,50.0231042],[8.702243,50.0231026],[8.7022419,50.023099]]}},
{"type":"Feature","properties":{},"geometry":{"type":"LineString","coordinates":[[8.7021821,50.0231122],[8.7022274,50.0231051]]}},
{"type":"Feature","properties":{},"geometry":{"type":"LineString","coordinates":[[8.7022727,50.0230993],[8.702243,50.0231026]]}},
{"type":"Feature","properties":{},"geometry":{"type":"LineString","coordinates":[[8.7023162,50.0231794],[8.7023051,50.0231428],[8.7023034,50.0231373],[8.7022999,50.0231259]]}},
{"type":"Feature","properties":{},"geometry":{"type":"LineString","coordinates":[[8.7022568,50.0231481],[8.7023051,50.0231428]]}},
{"type":"Feature","properties":{},"geometry":{"type":"LineString","coordinates":[[8.7023162,50.0231794],[8.7022446,50.0231911],[8.7022385,50.0231921],[8.7022141,50.0231961]]}},
{"type":"Feature","properties":{},"geometry":{"type":"LineString","coordinates":[[8.702265,50.023175],[8.7022389,50.0231794],[8.7022341,50.0231802],[8.7022129,50.0231838]]}},
{"type":"Feature","properties":{},"geometry":{"type":"LineString","coordinates":[[8.7022243,50.0231633],[8.7022341,50.0231802]]}},
{"type":"Feature","properties":{},"geometry":{"type":"LineString","coordinates":[[8.7022676,50.0232542],[8.7022385,50.0231921]]}},
{"type":"Feature","properties":{},"geometry":{"type":"LineString","coordinates":[[8.7024547,50.0230737],[8.7025018,50.0230582]]}},
{"type":"Feature","properties":{},"geometry":{"type":"LineString","coordinates":[[8.7025725,50.0230365],[8.7025273,50.0230508]]}},
{"type":"Feature","properties":{},"geometry":{"type":"LineString","coordinates":[[8.7024219,50.022931],[8.7024623,50.0229528],[8.7024801,50.0229624]]}},
{"type":"Feature","properties":{},"geometry":{"type":"LineString","coordinates":[[8.7024623,50.0229528],[8.7024957,50.0229248]]}},
{"type":"Feature","properties":{},"geometry":{"type":"LineString","coordinates":[[8.7024954,50.0228189],[8.7025411,50.0228398]]}},
{"type":"Feature","properties":{},"geometry":{"type":"LineString","coordinates":[[8.7025758,50.0228558],[8.7025531,50.0228446]]}},
{"type":"Feature","properties":{},"geometry":{"type":"LineString","coordinates":[[8.7020845,50.0226485],[8.7021374,50.02264]]}},
{"type":"Feature","properties":{},"geometry":{"type":"LineString","coordinates":[[8.702032,50.022656],[8.7020845,50.0226485]]}},
{"type":"Feature","properties":{},"geometry":{"type":"LineString","coordinates":[[8.7019834,50.0226628],[8.702032,50.0226558]]}},
{"type":"Feature","properties":{},"geometry":{"type":"LineString","coordinates":[[8.7019009,50.0226398],[8.7019448,50.0226332],[8.7019704,50.0226293],[8.7019847,50.0226271]]}},
{"type":"Feature","properties":{},"geometry":{"type":"LineString","coordinates":[[8.7019561,50.0226202],[8.70194,50.0226229],[8.7019194,50.0226263]]}},
{"type":"Feature","properties":{},"geometry":{"type":"LineString","coordinates":[[8.7019264,50.0225918],[8.70194,50.0226229]]}},
{"type":"Feature","properties":{},"geometry":{"type":"LineString","coordinates":[[8.7019487,50.0226412],[8.7019448,50.0226332]]}},
{"type":"Feature","properties":{},"geometry":{"type":"LineString","coordinates":[[8.7018098,50.0225785],[8.7018578,50.0225703]]}},
{"type":"Feature","properties":{},"geometry":{"type":"LineString","coordinates":[[8.7019016,50.0225633],[8.701872,50.022568]]}},
{"type":"Feature","properties":{},"geometry":{"type":"LineString","coordinates":[[8.7022761,50.0224895],[8.7023342,50.0224987]]}},
{"type":"Feature","properties":{},"geometry":{"type":"LineString","coordinates":[[8.7023757,50.0225052],[8.7023459,50.0225002]]}},
{"type":"Feature","properties":{},"geometry":{"type":"LineString","coordinates":[[8.7024062,50.0223738],[8.7024322,50.0223052]]}},
{"type":"Feature","properties":{},"geometry":{"type":"LineString","coordinates":[[8.7024525,50.0222577],[8.7024857,50.0221712]]}},
{"type":"Feature","properties":{},"geometry":{"type":"LineString","coordinates":[[8.7024322,50.0223052],[8.7024525,50.0222573]]}},
{"type":"Feature","properties":{},"geometry":{"type":"LineString","coordinates":[[8.7024857,50.0221712],[8.7025217,50.0220828]]}},
{"type":"Feature","properties":{},"geometry":{"type":"LineString","coordinates":[[8.7025134,50.0220629],[8.7025288,50.0220655],[8.7025526,50.0220696]]}},
{"type":"Feature","properties":{},"geometry":{"type":"LineString","coordinates":[[8.7025217,50.0220828],[8.7025288,50.0220655]]}},
{"type":"Feature","properties":{},"geometry":{"type":"LineString","coordinates":[[8.7017117,50.0223215],[8.7017902,50.0223164]]}},
{"type":"Feature","properties":{},"geometry":{"type":"LineString","coordinates":[[8.7018351,50.0223133],[8.7018034,50.0223156]]}},
{"type":"Feature","properties":{},"geometry":{"type":"LineString","coordinates":[[8.7017576,50.0218801],[8.7018115,50.0218841]]}},
{"type":"Feature","properties":{},"geometry":{"type":"LineString","coordinates":[[8.7018628,50.0218883],[8.7018219,50.0218846]]}},
{"type":"Feature","properties":{},"geometry":{"type":"LineString","coordinates":[[8.7019392,50.0215337],[8.7019777,50.0214702]]}},
{"type":"Feature","properties":{},"geometry":{"type":"LineString","coordinates":[[8.7019832,50.021422],[8.7020173,50.0214315]]}},
{"type":"Feature","properties":{},"geometry":{"type":"LineString","coordinates":[[8.7020549,50.0214415],[8.7020277,50.0214341]]}},
{"type":"Feature","properties":{},"geometry":{"type":"LineString","coordinates":[[8.7022832,50.0211872],[8.7023774,50.021084]]}},
{"type":"Feature","properties":{},"geometry":{"type":"LineString","coordinates":[[8.7024218,50.0210791],[8.7024884,50.0211044]]}},
{"type":"Feature","properties":{},"geometry":{"type":"LineString","coordinates":[[8.7024718,50.0210137],[8.7025451,50.0210431]]}},
{"type":"Feature","properties":{},"geometry":{"type":"LineString","coordinates":[[8.7024824,50.0209099],[8.7025301,50.0209325]]}},
{"type":"Feature","properties":{},"geometry":{"type":"LineString","coordinates":[[8.7025673,50.0209482],[8.7025421,50.020937]]}},
{"type":"Feature","properties":{},"geometry":{"type":"LineString","coordinates":[[8.7025347,50.0211346],[8.7025561,50.0211092]]}},
{"type":"Feature","properties":{},"geometry":{"type":"LineString","coordinates":[[8.7025711,50.0210914],[8.7025602,50.0211044]]}},
{"type":"Feature","properties":{},"geometry":{"type":"LineString","coordinates":[[8.7027696,50.0212271],[8.7028519,50.0212574]]}},
{"type":"Feature","properties":{},"geometry":{"type":"LineString","coordinates":[[8.7027645,50.0213591],[8.702825,50.0213736]]}},
{"type":"Feature","properties":{},"geometry":{"type":"LineString","coordinates":[[8.7028607,50.0213816],[8.702835,50.0213756]]}},
{"type":"Feature","properties":{},"geometry":{"type":"LineString","coordinates":[[8.7025794,50.0217377],[8.7026305,50.0217488]]}},
{"type":"Feature","properties":{},"geometry":{"type":"LineString","coordinates":[[8.7026817,50.0217595],[8.7026419,50.0217503]]}},
{"type":"Feature","properties":{},"geometry":{"type":"LineString","coordinates":[[8.7027147,50.0211096],[8.7027869,50.0211394]]}},
{"type":"Feature","properties":{},"geometry":{"type":"LineString","coordinates":[[8.7028788,50.0212027],[8.7029019,50.0211802]]}},
{"type":"Feature","properties":{},"geometry":{"type":"LineString","coordinates":[[8.7029243,50.0211564],[8.7029068,50.0211742]]}},
{"type":"Feature","properties":{},"geometry":{"type":"LineString","coordinates":[[8.7028829,50.0205958],[8.7029865,50.0204775]]}},
{"type":"Feature","properties":{},"geometry":{"type":"LineString","coordinates":[[8.7028274,50.0206017],[8.7028811,50.0206239]]}},
{"type":"Feature","properties":{},"geometry":{"type":"LineString","coordinates":[[8.7029186,50.0206376],[8.7028903,50.0206271]]}},
{"type":"Feature","properties":{},"geometry":{"type":"LineString","coordinates":[[8.7030272,50.0204931],[8.7030573,50.0204568]]}},
{"type":"Feature","properties":{},"geometry":{"type":"LineString","coordinates":[[8.7029106,50.0204508],[8.7028888,50.0204744]]}},
{"type":"Feature","properties":{},"geometry":{"type":"LineString","coordinates":[[8.7028198,50.0204551],[8.7028469,50.020465]]}},
{"type":"Feature","properties":{},"geometry":{"type":"LineString","coordinates":[[8.7027879,50.0204311],[8.7027691,50.0204512],[8.7027651,50.0204555],[8.7027632,50.0204576]]}},
{"type":"Feature","properties":{},"geometry":{"type":"LineString","coordinates":[[8.7027801,50.0204648],[8.7027821,50.0204626],[8.7027918,50.0204523]]}},
{"type":"Feature","properties":{},"geometry":{"type":"LineString","coordinates":[[8.7028283,50.0204798],[8.7027821,50.0204626]]}},
{"type":"Feature","properties":{},"geometry":{"type":"LineString","coordinates":[[8.7027224,50.0204386],[8.7027651,50.0204555]]}},
{"type":"Feature","properties":{},"geometry":{"type":"LineString","coordinates":[[8.7024268,50.020308],[8.7024974,50.0203344]]}},
{"type":"Feature","properties":{},"geometry":{"type":"LineString","coordinates":[[8.7022641,50.0202003],[8.7023085,50.0202165]]}},
{"type":"Feature","properties":{},"geometry":{"type":"LineString","coordinates":[[8.702247,50.0202062],[8.702256,50.0201975]]}},
{"type":"Feature","properties":{},"geometry":{"type":"LineString","coordinates":[[8.7022849,50.0201687],[8.7022603,50.020193]]}},
{"type":"Feature","properties":{},"geometry":{"type":"LineString","coordinates":[[8.70224,50.0202276],[8.7021801,50.0202051],[8.702178,50.0202043],[8.702177,50.0202039],[8.7021593,50.0201973]]}},
{"type":"Feature","properties":{},"geometry":{"type":"LineString","coordinates":[[8.7021897,50.0201948],[8.7021801,50.0202051]]}},
{"type":"Feature","properties":{},"geometry":{"type":"LineString","coordinates":[[8.7021432,50.020245],[8.7021634,50.0202219]]}},
{"type":"Feature","properties":{},"geometry":{"type":"LineString","coordinates":[[8.7021832,50.0202507],[8.7022001,50.0202563]]}},
{"type":"Feature","properties":{},"geometry":{"type":"LineString","coordinates":[[8.7022545,50.0202745],[8.7022118,50.0202593]]}},
{"type":"Feature","properties":{},"geometry":{"type":"LineString","coordinates":[[8.7016878,50.0199936],[8.701772,50.0200251]]}},
{"type":"Feature","properties":{},"geometry":{"type":"LineString","coordinates":[[8.7018712,50.0206496],[8.7019299,50.0205824]]}},
{"type":"Feature","properties":{},"geometry":{"type":"LineString","coordinates":[[8.7019695,50.0204112],[8.7020401,50.0204348]]}},
{"type":"Feature","properties":{},"geometry":{"type":"LineString","coordinates":[[8.7020856,50.0204488],[8.7020521,50.0204374]]}},
{"type":"Feature","properties":{},"geometry":{"type":"LineString","coordinates":[[8.7019784,50.0206508],[8.7019468,50.020684]]}},
{"type":"Feature","properties":{},"geometry":{"type":"LineString","coordinates":[[8.7019185,50.0207117],[8.7019397,50.0206904]]}},
{"type":"Feature","properties":{},"geometry":{"type":"LineString","coordinates":[[8.7023396,50.020855],[8.7023443,50.0208852]]}},
{"type":"Feature","properties":{},"geometry":{"type":"LineString","coordinates":[[8.7023581,50.0209526],[8.7023468,50.020894]]}},
{"type":"Feature","properties":{},"geometry":{"type":"LineString","coordinates":[[8.7024543,50.0208497],[8.7025648,50.0207624]]}},
{"type":"Feature","properties":{},"geometry":{"type":"LineString","coordinates":[[8.7023928,50.0208633],[8.7024213,50.0208363]]}},
{"type":"Feature","properties":{},"geometry":{"type":"LineString","coordinates":[[8.7014334,50.0204655],[8.7014675,50.0204272],[8.7014794,50.0204138]]}},
{"type":"Feature","properties":{},"geometry":{"type":"LineString","coordinates":[[8.7014675,50.0204272],[8.701429,50.0204124]]}},
{"type":"Feature","properties":{},"geometry":{"type":"LineString","coordinates":[[8.7014042,50.0204147],[8.7013591,50.0204297]]}},
{"type":"Feature","properties":{},"geometry":{"type":"LineString","coordinates":[[8.7012587,50.0204667],[8.7013448,50.0204352]]}},
{"type":"Feature","properties":{},"geometry":{"type":"LineString","coordinates":[[8.7012862,50.0202357],[8.7013504,50.0202368]]}},
{"type":"Feature","properties":{},"geometry":{"type":"LineString","coordinates":[[8.701397,50.0202375],[8.7013625,50.0202371]]}},
{"type":"Feature","properties":{},"geometry":{"type":"LineString","coordinates":[[8.7010367,50.020971],[8.7010781,50.0209848]]}},
{"type":"Feature","properties":{},"geometry":{"type":"LineString","coordinates":[[8.701107,50.0209931],[8.701089,50.0209874]]}},
{"type":"Feature","properties":{},"geometry":{"type":"LineString","coordinates":[[8.7012489,50.0209285],[8.7012469,50.020918]]}},
{"type":"Feature","properties":{},"geometry":{"type":"LineString","coordinates":[[8.7012394,50.0208877],[8.7012458,50.0209112]]}},
{"type":"Feature","properties":{},"geometry":{"type":"LineString","coordinates":[[8.70143,50.0210303],[8.7014468,50.0210189]]}},
{"type":"Feature","properties":{},"geometry":{"type":"LineString","coordinates":[[8.7014844,50.0209922],[8.7014522,50.0210147]]}},
{"type":"Feature","properties":{},"geometry":{"type":"LineString","coordinates":[[8.7017947,50.0212408],[8.7018111,50.0212305]]}},
{"type":"Feature","properties":{},"geometry":{"type":"LineString","coordinates":[[8.7018495,50.0212065],[8.7018185,50.0212249]]}},
{"type":"Feature","properties":{},"geometry":{"type":"LineString","coordinates":[[8.7017851,50.0212753],[8.7018496,50.0212963]]}},
{"type":"Feature","properties":{},"geometry":{"type":"LineString","coordinates":[[8.7019082,50.0213153],[8.7018625,50.0213003]]}},
{"type":"Feature","properties":{},"geometry":{"type":"LineString","coordinates":[[8.7016458,50.0214679],[8.7017259,50.0214857]]}},
{"type":"Feature","properties":{},"geometry":{"type":"LineString","coordinates":[[8.7017878,50.0214986],[8.701736,50.0214873]]}},
{"type":"Feature","properties":{},"geometry":{"type":"LineString","coordinates":[[8.7017206,50.0215785],[8.7016896,50.0216525]]}},
{"type":"Feature","properties":{},"geometry":{"type":"LineString","coordinates":[[8.7014547,50.0221932],[8.7015424,50.0221937]]}},
{"type":"Feature","properties":{},"geometry":{"type":"LineString","coordinates":[[8.7016261,50.0221945],[8.7015541,50.0221938]]}},
{"type":"Feature","properties":{},"geometry":{"type":"LineString","coordinates":[[8.701526,50.0225032],[8.7015919,50.0224966]]}},
{"type":"Feature","properties":{},"geometry":{"type":"LineString","coordinates":[[8.7016497,50.022491],[8.7016049,50.0224953]]}},
{"type":"Feature","properties":{},"geometry":{"type":"LineString","coordinates":[[8.7014891,50.0226525],[8.7014932,50.0226839]]}},
{"type":"Feature","properties":{},"geometry":{"type":"LineString","coordinates":[[8.7014997,50.0227227],[8.7014953,50.0226936]]}},
{"type":"Feature","properties":{},"geometry":{"type":"LineString","coordinates":[[8.7008552,50.0226109],[8.7008347,50.0226443]]}},
{"type":"Feature","properties":{},"geometry":{"type":"LineString","coordinates":[[8.7008176,50.0226737],[8.7008312,50.0226509]]}},
{"type":"Feature","properties":{},"geometry":{"type":"LineString","coordinates":[[8.7003837,50.0224839],[8.700407,50.0224927]]}},
{"type":"Feature","properties":{},"geometry":{"type":"LineString","coordinates":[[8.7004619,50.0225135],[8.7004167,50.0224954],[8.7004167,50.0224954]]}},
{"type":"Feature","properties":{},"geometry":{"type":"LineString","coordinates":[[8.7004507,50.0223199],[8.7004901,50.0223347]]}},
{"type":"Feature","properties":{},"geometry":{"type":"LineString","coordinates":[[8.7005276,50.0223497],[8.7005008,50.0223386]]}},
{"type":"Feature","properties":{},"geometry":{"type":"LineString","coordinates":[[8.69708,50.0204488],[8.6971249,50.020434],[8.6971566,50.0204236]]}},
{"type":"Feature","properties":{},"geometry":{"type":"LineString","coordinates":[[8.6971633,50.0204784],[8.6971349,50.0204478]]}},
{"type":"Feature","properties":{},"geometry":{"type":"LineString","coordinates":[[8.6970931,50.0203959],[8.6971249,50.020434]]}},
{"type":"Feature","properties":{},"geometry":{"type":"LineString","coordinates":[[8.7005279,50.0221783],[8.7005843,50.0221707]]}},
{"type":"Feature","properties":{},"geometry":{"type":"LineString","coordinates":[[8.7006293,50.022165],[8.7005961,50.0221692]]}},
{"type":"Feature","properties":{},"geometry":{"type":"LineString","coordinates":[[8.7004574,50.0221367],[8.7004884,50.0221045]]}},
{"type":"Feature","properties":{},"geometry":{"type":"LineString","coordinates":[[8.7005019,50.0220892],[8.7004929,50.0220984]]}},
{"type":"Feature","properties":{},"geometry":{"type":"LineString","coordinates":[[8.7004879,50.0215518],[8.7005548,50.0215742]]}},
{"type":"Feature","properties":{},"geometry":{"type":"LineString","coordinates":[[8.7006222,50.0215957],[8.7005653,50.0215773]]}},
{"type":"Feature","properties":{},"geometry":{"type":"LineString","coordinates":[[8.6998968,50.021192],[8.6999659,50.0212176]]}},
{"type":"Feature","properties":{},"geometry":{"type":"LineString","coordinates":[[8.7000146,50.0212355],[8.6999753,50.021221]]}},
{"type":"Feature","properties":{},"geometry":{"type":"LineString","coordinates":[[8.6995076,50.0215035],[8.6996543,50.0215606]]}},
{"type":"Feature","properties":{},"geometry":{"type":"LineString","coordinates":[[8.699733,50.02159],[8.6996652,50.0215638]]}},
{"type":"Feature","properties":{},"geometry":{"type":"LineString","coordinates":[[8.699239,50.0222645],[8.6992788,50.0222991]]}},
{"type":"Feature","properties":{},"geometry":{"type":"LineString","coordinates":[[8.6993078,50.0223255],[8.699286,50.0223056]]}},
{"type":"Feature","properties":{},"geometry":{"type":"LineString","coordinates":[[8.6988526,50.0224558],[8.6988679,50.0224758]]}},
{"type":"Feature","properties":{},"geometry":{"type":"LineString","coordinates":[[8.6989033,50.0225207],[8.698873,50.0224826]]}},
{"type":"Feature","properties":{},"geometry":{"type":"LineString","coordinates":[[8.7000167,50.0235949],[8.7000344,50.0236306]]}},
{"type":"Feature","properties":{},"geometry":{"type":"LineString","coordinates":[[8.7000514,50.0236672],[8.7000375,50.0236369]]}},
{"type":"Feature","properties":{},"geometry":{"type":"LineString","coordinates":[[8.6999231,50.0236516],[8.6997442,50.0236608]]}},
{"type":"Feature","properties":{},"geometry":{"type":"LineString","coordinates":[[8.698125,50.021906],[8.6981434,50.021929]]}},
{"type":"Feature","properties":{},"geometry":{"type":"LineString","coordinates":[[8.7011232,50.0233272],[8.7011658,50.0233963]]}},
{"type":"Feature","properties":{},"geometry":{"type":"LineString","coordinates":[[8.7011933,50.0234408],[8.701169,50.0234021]]}},
{"type":"Feature","properties":{},"geometry":{"type":"LineString","coordinates":[[8.7018044,50.0231159],[8.7019133,50.0231292]]}},
{"type":"Feature","properties":{},"geometry":{"type":"LineString","coordinates":[[8.702,50.0231405],[8.7019281,50.0231307]]}},
{"type":"Feature","properties":{},"geometry":{"type":"LineString","coordinates":[[8.7024974,50.0231158],[8.7025612,50.0231187]]}},
{"type":"Feature","properties":{},"geometry":{"type":"LineString","coordinates":[[8.702615,50.0231214],[8.7025851,50.0231198]]}},
{"type":"Feature","properties":{},"geometry":{"type":"LineString","coordinates":[[8.7028398,50.0202795],[8.7028705,50.0202868]]}},
{"type":"Feature","properties":{},"geometry":{"type":"LineString","coordinates":[[8.7029046,50.0202945],[8.7028812,50.0202886]]}},
{"type":"Feature","properties":{},"geometry":{"type":"LineString","coordinates":[[8.7019766,50.0200529],[8.7019521,50.0200784]]}},
{"type":"Feature","properties":{},"geometry":{"type":"LineString","coordinates":[[8.7019345,50.0200982],[8.7019473,50.0200833]]}},
{"type":"Feature","properties":{},"geometry":{"type":"LineString","coordinates":[[8.7018556,50.0206574],[8.701901,50.0206819]]}},
{"type":"Feature","properties":{},"geometry":{"type":"LineString","coordinates":[[8.7002106,50.0224572],[8.7002918,50.0224888]]}},
{"type":"Feature","properties":{},"geometry":{"type":"LineString","coordinates":[[8.7018789,50.0212919],[8.7018917,50.0212753]]}},
{"type":"Feature","properties":{},"geometry":{"type":"LineString","coordinates":[[8.6997777,50.0222683],[8.6998315,50.0223013]]}},
{"type":"Feature","properties":{},"geometry":{"type":"LineString","coordinates":[[8.7012592,50.0209212],[8.7013308,50.0209591]]}},
{"type":"Feature","properties":{},"geometry":{"type":"LineString","coordinates":[[8.7011073,50.0209778],[8.7011503,50.0209326]]}},
{"type":"Feature","properties":{},"geometry":{"type":"LineString","coordinates":[[8.700809,50.0213099],[8.7008397,50.0212728]]}},
{"type":"Feature","properties":{},"geometry":{"type":"LineString","coordinates":[[8.7006649,50.0214665],[8.7006921,50.0214368]]}},
{"type":"Feature","properties":{},"geometry":{"type":"LineString","coordinates":[[8.7002327,50.0219558],[8.7002416,50.0219783]]}},
{"type":"Feature","properties":{},"geometry":{"type":"LineString","coordinates":[[8.7002484,50.0220012],[8.7002992,50.0220208]]}},
{"type":"Feature","properties":{},"geometry":{"type":"LineString","coordinates":[[8.7005349,50.022105],[8.7005871,50.0221247]]}},
{"type":"Feature","properties":{},"geometry":{"type":"LineString","coordinates":[[8.7003245,50.022474],[8.7003543,50.0224848]]}},
{"type":"Feature","properties":{},"geometry":{"type":"LineString","coordinates":[[8.700383,50.022495],[8.7003634,50.0224879]]}},
{"type":"Feature","properties":{},"geometry":{"type":"LineString","coordinates":[[8.700018,50.0211949],[8.7000825,50.0211244]]}},
{"type":"Feature","properties":{},"geometry":{"type":"LineString","coordinates":[[8.6993475,50.0218664],[8.6994136,50.0218761]]}},
{"type":"Feature","properties":{},"geometry":{"type":"LineString","coordinates":[[8.6994698,50.021885],[8.6994275,50.0218782]]}},
{"type":"Feature","properties":{},"geometry":{"type":"LineString","coordinates":[[8.6994272,50.02208],[8.699422,50.0220175]]}},
{"type":"Feature","properties":{},"geometry":{"type":"LineString","coordinates":[[8.6993751,50.0221949],[8.6994361,50.0221816]]}},
{"type":"Feature","properties":{},"geometry":{"type":"LineString","coordinates":[[8.6994838,50.0221724],[8.699445,50.0221799]]}},
{"type":"Feature","properties":{},"geometry":{"type":"LineString","coordinates":[[8.6986294,50.0225411],[8.6986437,50.0225598],[8.6986509,50.0225692],[8.6986541,50.0225733]]}},
{"type":"Feature","properties":{},"geometry":{"type":"LineString","coordinates":[[8.6987039,50.0225538],[8.6986725,50.0225632]]}},
{"type":"Feature","properties":{},"geometry":{"type":"LineString","coordinates":[[8.6986244,50.0225773],[8.6986509,50.0225692]]}},
{"type":"Feature","properties":{},"geometry":{"type":"LineString","coordinates":[[8.6986634,50.0225382],[8.6986224,50.0225507],[8.698621,50.0225512],[8.69861,50.0225545]]}},
{"type":"Feature","properties":{},"geometry":{"type":"LineString","coordinates":[[8.6986294,50.0225411],[8.6986176,50.0225443],[8.6986057,50.0225476]]}},
{"type":"Feature","properties":{},"geometry":{"type":"LineString","coordinates":[[8.698613,50.0225386],[8.6986176,50.0225443]]}},
{"type":"Feature","properties":{},"geometry":{"type":"LineString","coordinates":[[8.6986317,50.0225627],[8.6986224,50.0225507]]}},
{"type":"Feature","properties":{},"geometry":{"type":"LineString","coordinates":[[8.6986294,50.0225411],[8.6986903,50.0225217],[8.6986994,50.0225188]]}},
{"type":"Feature","properties":{},"geometry":{"type":"LineString","coordinates":[[8.6986685,50.0224926],[8.6986903,50.0225217]]}},
{"type":"Feature","properties":{},"geometry":{"type":"LineString","coordinates":[[8.6987109,50.0225524],[8.6986966,50.0225317]]}},
{"type":"Feature","properties":{},"geometry":{"type":"LineString","coordinates":[[8.6986294,50.0225411],[8.6986441,50.02256],[8.6986587,50.0225789]]}},
{"type":"Feature","properties":{},"geometry":{"type":"LineString","coordinates":[[8.69869,50.0225467],[8.6986652,50.0225541]]}},
{"type":"Feature","properties":{},"geometry":{"type":"LineString","coordinates":[[8.6985952,50.0225756],[8.6986441,50.02256]]}},
{"type":"Feature","properties":{},"geometry":{"type":"LineString","coordinates":[[8.698521,50.0224294],[8.6985403,50.0224534]]}},
{"type":"Feature","properties":{},"geometry":{"type":"LineString","coordinates":[[8.6984916,50.0224814],[8.6985649,50.0224569]]}},
{"type":"Feature","properties":{},"geometry":{"type":"LineString","coordinates":[[8.6986304,50.0224385],[8.6985882,50.0224517]]}},
{"type":"Feature","properties":{},"geometry":{"type":"LineString","coordinates":[[8.69708,50.0204488],[8.6970721,50.0204388],[8.6970726,50.0204395],[8.6970514,50.0204129]]}},
{"type":"Feature","properties":{},"geometry":{"type":"LineString","coordinates":[[8.6971033,50.0204296],[8.6970726,50.0204395]]}},
{"type":"Feature","properties":{},"geometry":{"type":"LineString","coordinates":[[8.6970005,50.0204625],[8.6970576,50.0204446]]}},
{"type":"Feature","properties":{},"geometry":{"type":"LineString","coordinates":[[8.698143,50.0219562],[8.6981817,50.021944]]}},
{"type":"Feature","properties":{},"geometry":{"type":"LineString","coordinates":[[8.6982544,50.0219213],[8.698196,50.0219399]]}},
{"type":"Feature","properties":{},"geometry":{"type":"LineString","coordinates":[[8.7002367,50.0225703],[8.7002581,50.0225424],[8.7002686,50.0225288]]}},
{"type":"Feature","properties":{},"geometry":{"type":"LineString","coordinates":[[8.7002526,50.0225626],[8.7002659,50.0225451],[8.7002661,50.0225448],[8.7002766,50.022531]]}},
{"type":"Feature","properties":{},"geometry":{"type":"LineString","coordinates":[[8.7002255,50.0225314],[8.7002581,50.0225424]]}},
{"type":"Feature","properties":{},"geometry":{"type":"LineString","coordinates":[[8.7002873,50.0225526],[8.7002661,50.0225448]]}},
{"type":"Feature","properties":{},"geometry":{"type":"LineString","coordinates":[[8.6907449,50.0161378],[8.6908019,50.0161066]]}},
{"type":"Feature","properties":{},"geometry":{"type":"LineString","coordinates":[[8.6907029,50.0161234],[8.6907182,50.0161349]]}},
{"type":"Feature","properties":{},"geometry":{"type":"LineString","coordinates":[[8.6907511,50.0161615],[8.6907256,50.0161403]]}},
{"type":"Feature","properties":{},"geometry":{"type":"LineString","coordinates":[[8.6903743,50.0162055],[8.6903783,50.0162233]]}},
{"type":"Feature","properties":{},"geometry":{"type":"LineString","coordinates":[[8.6903856,50.0162561],[8.6903795,50.0162316]]}},
{"type":"Feature","properties":{},"geometry":{"type":"LineString","coordinates":[[8.6901498,50.0162343],[8.6901837,50.0162144]]}},
{"type":"Feature","properties":{},"geometry":{"type":"LineString","coordinates":[[8.6902108,50.0161987],[8.6901906,50.0162098]]}},
{"type":"Feature","properties":{},"geometry":{"type":"LineString","coordinates":[[8.6900101,50.0160305],[8.6900648,50.0159775]]}},
{"type":"Feature","properties":{},"geometry":{"type":"LineString","coordinates":[[8.689979,50.0161093],[8.6900124,50.0160911]]}},
{"type":"Feature","properties":{},"geometry":{"type":"LineString","coordinates":[[8.6900418,50.0160744],[8.6900213,50.0160857]]}},
{"type":"Feature","properties":{},"geometry":{"type":"LineString","coordinates":[[8.6899574,50.0160255],[8.6899845,50.0160381]]}},
{"type":"Feature","properties":{},"geometry":{"type":"LineString","coordinates":[[8.6900219,50.0160546],[8.6899941,50.016042]]}},
{"type":"Feature","properties":{},"geometry":{"type":"LineString","coordinates":[[8.68988,50.0159652],[8.6898935,50.0159747],[8.6898954,50.0159761],[8.6899157,50.0159905]]}},
{"type":"Feature","properties":{},"geometry":{"type":"LineString","coordinates":[[8.6898368,50.0160072],[8.6898756,50.015986]]}},
{"type":"Feature","properties":{},"geometry":{"type":"LineString","coordinates":[[8.6899187,50.0159608],[8.6898935,50.0159747]]}},
{"type":"Feature","properties":{},"geometry":{"type":"LineString","coordinates":[[8.6899063,50.0159031],[8.6899346,50.0159252]]}},
{"type":"Feature","properties":{},"geometry":{"type":"LineString","coordinates":[[8.6899628,50.0159465],[8.689941,50.0159304]]}},
{"type":"Feature","properties":{},"geometry":{"type":"LineString","coordinates":[[8.6897603,50.0159602],[8.6898022,50.015937]]}},
{"type":"Feature","properties":{},"geometry":{"type":"LineString","coordinates":[[8.6898357,50.0159185],[8.689811,50.0159325]]}},
{"type":"Feature","properties":{},"geometry":{"type":"LineString","coordinates":[[8.68954,50.0157579],[8.6895633,50.015774]]}},
{"type":"Feature","properties":{},"geometry":{"type":"LineString","coordinates":[[8.6902562,50.0156426],[8.6902841,50.015613]]}},
{"type":"Feature","properties":{},"geometry":{"type":"LineString","coordinates":[[8.6902548,50.0156004],[8.6902233,50.0155868],[8.6902089,50.0155806]]}},
{"type":"Feature","properties":{},"geometry":{"type":"LineString","coordinates":[[8.6902001,50.0156129],[8.6902165,50.0155957]]}},
{"type":"Feature","properties":{},"geometry":{"type":"LineString","coordinates":[[8.6902373,50.0155726],[8.6902233,50.0155868]]}},
{"type":"Feature","properties":{},"geometry":{"type":"LineString","coordinates":[[8.6902519,50.0155402],[8.6903066,50.0155626]]}},
{"type":"Feature","properties":{},"geometry":{"type":"LineString","coordinates":[[8.6903499,50.0155807],[8.6903167,50.0155662]]}},
{"type":"Feature","properties":{},"geometry":{"type":"LineString","coordinates":[[8.6905767,50.0153306],[8.6906,50.0153084]]}},
{"type":"Feature","properties":{},"geometry":{"type":"LineString","coordinates":[[8.69056,50.0152542],[8.6906063,50.0152745]]}},
{"type":"Feature","properties":{},"geometry":{"type":"LineString","coordinates":[[8.6906444,50.0152905],[8.6906143,50.0152775]]}},
{"type":"Feature","properties":{},"geometry":{"type":"LineString","coordinates":[[8.6906892,50.0152147],[8.690655,50.0152469]]}},
{"type":"Feature","properties":{},"geometry":{"type":"LineString","coordinates":[[8.6906965,50.0152076],[8.6907183,50.0151867]]}},
{"type":"Feature","properties":{},"geometry":{"type":"LineString","coordinates":[[8.6906748,50.0151518],[8.6907166,50.0151711]]}},
{"type":"Feature","properties":{},"geometry":{"type":"LineString","coordinates":[[8.6907514,50.0151873],[8.6907246,50.0151738]]}},
{"type":"Feature","properties":{},"geometry":{"type":"LineString","coordinates":[[8.6857163,50.0176651],[8.6857251,50.0177052]]}},
{"type":"Feature","properties":{},"geometry":{"type":"LineString","coordinates":[[8.6945211,50.0183018],[8.6945261,50.0182913],[8.6945407,50.01826]]}},
{"type":"Feature","properties":{},"geometry":{"type":"LineString","coordinates":[[8.6945888,50.0182654],[8.6945726,50.0183016],[8.6945675,50.018313]]}},
{"type":"Feature","properties":{},"geometry":{"type":"LineString","coordinates":[[8.6944855,50.0182833],[8.6945261,50.0182913]]}},
{"type":"Feature","properties":{},"geometry":{"type":"LineString","coordinates":[[8.6946044,50.0183079],[8.6945726,50.0183016]]}},
{"type":"Feature","properties":{},"geometry":{"type":"LineString","coordinates":[[8.6944726,50.018296],[8.6944822,50.0182756]]}},
{"type":"Feature","properties":{},"geometry":{"type":"LineString","coordinates":[[8.6944955,50.0182472],[8.6944847,50.0182703]]}},
{"type":"Feature","properties":{},"geometry":{"type":"LineString","coordinates":[[8.693082,50.0177834],[8.6929629,50.0177613],[8.6929149,50.0177525]]}},
{"type":"Feature","properties":{},"geometry":{"type":"LineString","coordinates":[[8.6929191,50.0178087],[8.69294,50.0178125],[8.6930398,50.0178306]]}},
{"type":"Feature","properties":{},"geometry":{"type":"LineString","coordinates":[[8.69294,50.0178125],[8.6929629,50.0177613]]}},
{"type":"Feature","properties":{},"geometry":{"type":"LineString","coordinates":[[8.6965898,50.0198903],[8.6965287,50.0198095]]}},
{"type":"Feature","properties":{},"geometry":{"type":"LineString","coordinates":[[8.6965192,50.0198126],[8.6964587,50.0197327]]}},
{"type":"Feature","properties":{},"geometry":{"type":"LineString","coordinates":[[8.7010329,50.0204211],[8.7011515,50.0204027]]}},
{"type":"Feature","properties":{},"geometry":{"type":"LineString","coordinates":[[8.7004642,50.0206924],[8.70051,50.0206399]]}},
{"type":"Feature","properties":{},"geometry":{"type":"LineString","coordinates":[[8.6991186,50.0202732],[8.6990558,50.0202838]]}},
{"type":"Feature","properties":{},"geometry":{"type":"LineString","coordinates":[[8.6939152,50.0181723],[8.6939388,50.0181767]]}},
{"type":"Feature","properties":{},"geometry":{"type":"LineString","coordinates":[[8.6938936,50.0182226],[8.6940187,50.0182459]]}},
{"type":"Feature","properties":{},"geometry":{"type":"LineString","coordinates":[[8.6938899,50.0182065],[8.6938823,50.0182241]]}},
{"type":"Feature","properties":{},"geometry":{"type":"LineString","coordinates":[[8.6938747,50.0182413],[8.6938801,50.0182297]]}},
{"type":"Feature","properties":{},"geometry":{"type":"LineString","coordinates":[[8.6939169,50.0181575],[8.6939139,50.0181648]]}},
{"type":"Feature","properties":{},"geometry":{"type":"LineString","coordinates":[[8.6939082,50.0181782],[8.6939123,50.0181689]]}},
{"type":"Feature","properties":{},"geometry":{"type":"LineString","coordinates":[[8.698982,50.0202143],[8.6988825,50.0202297]]}},
{"type":"Feature","properties":{},"geometry":{"type":"LineString","coordinates":[[8.698885,50.0202363],[8.6988816,50.0202271]]}},
{"type":"Feature","properties":{},"geometry":{"type":"LineString","coordinates":[[8.6988751,50.0202108],[8.6988795,50.0202219]]}},
{"type":"Feature","properties":{},"geometry":{"type":"LineString","coordinates":[[8.699158,50.0201843],[8.6991179,50.0201905]]}},
{"type":"Feature","properties":{},"geometry":{"type":"LineString","coordinates":[[8.6991163,50.0202013],[8.6991126,50.0201914]]}},
{"type":"Feature","properties":{},"geometry":{"type":"LineString","coordinates":[[8.6991059,50.0201758],[8.6991105,50.0201865]]}},
{"type":"Feature","properties":{},"geometry":{"type":"LineString","coordinates":[[8.6991461,50.0202666],[8.6990554,50.0202818]]}},
{"type":"Feature","properties":{},"geometry":{"type":"LineString","coordinates":[[8.699165,50.0203065],[8.6991548,50.0202798]]}},
{"type":"Feature","properties":{},"geometry":{"type":"LineString","coordinates":[[8.6991484,50.0202626],[8.699152,50.0202727]]}},
{"type":"Feature","properties":{},"geometry":{"type":"LineString","coordinates":[[8.6941055,50.0182099],[8.6941836,50.0182255]]}},
{"type":"Feature","properties":{},"geometry":{"type":"LineString","coordinates":[[8.6941677,50.0182163],[8.6941762,50.018198]]}}
]
}
